position_id,instrument_id,asset_class,frtb_risk_class,risk_factor,sensitivity_type,sensitivity_value
POS0001,AAPL-EQ,Equity,Equity Risk,AAPL-EQ,Delta,1200.0
POS0002,MSFT-EQ,Equity,Equity Risk,MSFT-EQ,Delta,800.0
POS0003,JPM-EQ,Equity,Equity Risk,JPM-EQ,Delta,2000.0
POS0004,XOM-EQ,Equity,Equity Risk,XOM-EQ,Delta,-1500.0
POS0005,AMZN-EQ,Equity,Equity Risk,AMZN-EQ,Delta,500.0
POS0006,GOOGL-EQ,Equity,Equity Risk,GOOGL-EQ,Delta,-700.0
POS0007,META-EQ,Equity,Equity Risk,META-EQ,Delta,600.0
POS0008,NVDA-EQ,Equity,Equity Risk,NVDA-EQ,Delta,900.0
POS0009,BAC-EQ,Equity,Equity Risk,BAC-EQ,Delta,-1800.0
POS0010,KO-EQ,Equity,Equity Risk,KO-EQ,Delta,2500.0
POS0011,AAPL-OPT-C-500-20270130,Equity Option,Equity Risk,AAPL-EQ,Delta,2.0404546836752524
POS0011,AAPL-OPT-C-500-20270130,Equity Option,Equity Risk,AAPL-VOL,Vega,15.379246358799648
POS0011,AAPL-OPT-C-500-20270130,Equity Option,Equity Risk,AAPL-EQ,Curvature (proxy: Gamma),0.1894070264755463
POS0012,AAPL-OPT-P-450-20270130,Equity Option,Equity Risk,AAPL-EQ,Delta,2979.012476883778
POS0012,AAPL-OPT-P-450-20270130,Equity Option,Equity Risk,AAPL-VOL,Vega,-122.074473912223
POS0012,AAPL-OPT-P-450-20270130,Equity Option,Equity Risk,AAPL-EQ,Curvature (proxy: Gamma),-1.503439282579089
POS0013,JPM-OPT-C-300-20270619,Equity Option,Equity Risk,JPM-EQ,Delta,9704.479426726586
POS0013,JPM-OPT-C-300-20270619,Equity Option,Equity Risk,JPM-VOL,Vega,2160.4186310430964
POS0013,JPM-OPT-C-300-20270619,Equity Option,Equity Risk,JPM-EQ,Curvature (proxy: Gamma),15.253725504715828
POS0014,MSFT-OPT-P-380-20261218,Equity Option,Equity Risk,MSFT-EQ,Delta,-22.465877832479553
POS0014,MSFT-OPT-P-380-20261218,Equity Option,Equity Risk,MSFT-VOL,Vega,175.42852178551064
POS0014,MSFT-OPT-P-380-20261218,Equity Option,Equity Risk,MSFT-EQ,Curvature (proxy: Gamma),1.0131323635301153
POS0015,NVDA-OPT-C-140-20270320,Equity Option,Equity Risk,NVDA-EQ,Delta,2398.0854911737224
POS0015,NVDA-OPT-C-140-20270320,Equity Option,Equity Risk,NVDA-VOL,Vega,367.0558598493758
POS0015,NVDA-OPT-C-140-20270320,Equity Option,Equity Risk,NVDA-EQ,Curvature (proxy: Gamma),2.948003336527969
POS0016,XOM-OPT-P-100-20261120,Equity Option,Equity Risk,XOM-EQ,Delta,0.0291827071166039
POS0016,XOM-OPT-P-100-20261120,Equity Option,Equity Risk,XOM-VOL,Vega,-0.095572852858871
POS0016,XOM-OPT-P-100-20261120,Equity Option,Equity Risk,XOM-EQ,Curvature (proxy: Gamma),-0.0066128138509869
POS0017,UST-GB-2Y,Govt Bond,GIRR,UST-2Y-YIELD,DV01,933.7848654836416
POS0018,UST-GB-5Y,Govt Bond,GIRR,UST-5Y-YIELD,DV01,3458.2127839978784
POS0019,UST-GB-10Y,Govt Bond,GIRR,UST-10Y-YIELD,DV01,7587.596708398312
POS0020,UST-GB-30Y,Govt Bond,GIRR,UST-30Y-YIELD,DV01,-4101.206071955152
POS0021,UKGILT-GB-5Y,Govt Bond,GIRR,UKGILT-5Y-YIELD,DV01,1848.444535757415
POS0022,UKGILT-GB-10Y,Govt Bond,GIRR,UKGILT-10Y-YIELD,DV01,2637.884495977778
POS0023,BUND-GB-5Y,Govt Bond,GIRR,BUND-5Y-YIELD,DV01,2782.9578824630007
POS0024,BUND-GB-10Y,Govt Bond,GIRR,BUND-10Y-YIELD,DV01,-1683.4542438192293
POS0025,AAPL-CB-5Y,Corp Bond,GIRR,UST-5Y-YIELD,DV01,1253.4987731981091
POS0025,AAPL-CB-5Y,Corp Bond,Credit Spread Risk,ISS_AAPL-CS,CS01,1253.4987731981091
POS0026,MSFT-CB-5Y,Corp Bond,GIRR,UST-5Y-YIELD,DV01,1048.5070255664175
POS0026,MSFT-CB-5Y,Corp Bond,Credit Spread Risk,ISS_MSFT-CS,CS01,1048.5070255664175
POS0027,XOM-CB-7Y,Corp Bond,GIRR,UST-5Y-YIELD,DV01,1125.2015681632329
POS0027,XOM-CB-7Y,Corp Bond,Credit Spread Risk,ISS_XOM-CS,CS01,1125.2015681632329
POS0028,BAC-CB-5Y,Corp Bond,GIRR,UST-5Y-YIELD,DV01,641.7562681690324
POS0028,BAC-CB-5Y,Corp Bond,Credit Spread Risk,ISS_BAC-CS,CS01,641.7562681690324
POS0029,JPM-CB-5Y,Corp Bond,GIRR,UST-5Y-YIELD,DV01,1701.8650836744346
POS0029,JPM-CB-5Y,Corp Bond,Credit Spread Risk,ISS_JPM-CS,CS01,1701.8650836744346
POS0030,AAPL-CB-10Y,Corp Bond,GIRR,UST-10Y-YIELD,DV01,1436.7604169773404
POS0030,AAPL-CB-10Y,Corp Bond,Credit Spread Risk,ISS_AAPL-CS,CS01,1436.7604169773404
POS0031,JPM-CB-2Y,Corp Bond,GIRR,UST-2Y-YIELD,DV01,2213.286600964144
POS0031,JPM-CB-2Y,Corp Bond,Credit Spread Risk,ISS_JPM-CS,CS01,2213.286600964144
POS0032,JPM-CB-3Y,Corp Bond,GIRR,UST-2Y-YIELD,DV01,4048.93538781628
POS0032,JPM-CB-3Y,Corp Bond,Credit Spread Risk,ISS_JPM-CS,CS01,4048.93538781628
POS0033,JPM-CB-10Y,Corp Bond,GIRR,UST-10Y-YIELD,DV01,7381.747772844508
POS0033,JPM-CB-10Y,Corp Bond,Credit Spread Risk,ISS_JPM-CS,CS01,7381.747772844508
POS0034,XOM-CB-3Y,Corp Bond,GIRR,UST-2Y-YIELD,DV01,537.3930147530045
POS0034,XOM-CB-3Y,Corp Bond,Credit Spread Risk,ISS_XOM-CS,CS01,537.3930147530045
POS0035,EURUSD,FX,FX Risk,EURUSD,FX Delta,5000000.0
POS0036,GBPUSD,FX,FX Risk,GBPUSD,FX Delta,-3000000.0
POS0037,USDJPY,FX,FX Risk,USDJPY,FX Delta,0.0
POS0038,AUDUSD,FX,FX Risk,AUDUSD,FX Delta,2000000.0
POS0039,USDCHF,FX,FX Risk,USDCHF,FX Delta,0.0
POS0040,USDCAD,FX,FX Risk,USDCAD,FX Delta,0.0
