date,series_id,rate
2024-09-04,DEXUSEU,1.1081
2024-09-05,DEXUSEU,1.1096
2024-09-06,DEXUSEU,1.1086
2024-09-09,DEXUSEU,1.1042
2024-09-10,DEXUSEU,1.1025
2024-09-11,DEXUSEU,1.1012
2024-09-12,DEXUSEU,1.1041
2024-09-13,DEXUSEU,1.1085
2024-09-16,DEXUSEU,1.1123
2024-09-17,DEXUSEU,1.1118
2024-09-18,DEXUSEU,1.1116
2024-09-19,DEXUSEU,1.1147
2024-09-20,DEXUSEU,1.1159
2024-09-23,DEXUSEU,1.113
2024-09-24,DEXUSEU,1.115
2024-09-25,DEXUSEU,1.1143
2024-09-26,DEXUSEU,1.1184
2024-09-27,DEXUSEU,1.1159
2024-09-30,DEXUSEU,1.1145
2024-10-01,DEXUSEU,1.1067
2024-10-02,DEXUSEU,1.105
2024-10-03,DEXUSEU,1.1015
2024-10-04,DEXUSEU,1.0961
2024-10-07,DEXUSEU,1.0976
2024-10-08,DEXUSEU,1.097
2024-10-09,DEXUSEU,1.0951
2024-10-10,DEXUSEU,1.0925
2024-10-11,DEXUSEU,1.0942
2024-10-15,DEXUSEU,1.0899
2024-10-16,DEXUSEU,1.0873
2024-10-17,DEXUSEU,1.0837
2024-10-18,DEXUSEU,1.0854
2024-10-21,DEXUSEU,1.082
2024-10-22,DEXUSEU,1.0805
2024-10-23,DEXUSEU,1.0779
2024-10-24,DEXUSEU,1.0806
2024-10-25,DEXUSEU,1.0813
2024-10-28,DEXUSEU,1.0819
2024-10-29,DEXUSEU,1.0798
2024-10-30,DEXUSEU,1.0864
2024-10-31,DEXUSEU,1.0855
2024-11-01,DEXUSEU,1.0848
2024-11-04,DEXUSEU,1.0884
2024-11-05,DEXUSEU,1.092
2024-11-06,DEXUSEU,1.0732
2024-11-07,DEXUSEU,1.0792
2024-11-08,DEXUSEU,1.071
2024-11-12,DEXUSEU,1.0598
2024-11-13,DEXUSEU,1.0567
2024-11-14,DEXUSEU,1.0562
2024-11-15,DEXUSEU,1.0552
2024-11-18,DEXUSEU,1.0586
2024-11-19,DEXUSEU,1.0578
2024-11-20,DEXUSEU,1.0521
2024-11-21,DEXUSEU,1.0475
2024-11-22,DEXUSEU,1.0399
2024-11-25,DEXUSEU,1.0478
2024-11-26,DEXUSEU,1.0481
2024-11-27,DEXUSEU,1.0575
2024-11-29,DEXUSEU,1.0547
2024-12-02,DEXUSEU,1.0484
2024-12-03,DEXUSEU,1.0518
2024-12-04,DEXUSEU,1.0527
2024-12-05,DEXUSEU,1.0571
2024-12-06,DEXUSEU,1.0563
2024-12-09,DEXUSEU,1.057
2024-12-10,DEXUSEU,1.0512
2024-12-11,DEXUSEU,1.0508
2024-12-12,DEXUSEU,1.0514
2024-12-13,DEXUSEU,1.0498
2024-12-16,DEXUSEU,1.0512
2024-12-17,DEXUSEU,1.0506
2024-12-18,DEXUSEU,1.0469
2024-12-19,DEXUSEU,1.0357
2024-12-20,DEXUSEU,1.043
2024-12-23,DEXUSEU,1.0409
2024-12-24,DEXUSEU,1.0388
2024-12-26,DEXUSEU,1.0423
2024-12-27,DEXUSEU,1.0423
2024-12-30,DEXUSEU,1.0386
2024-12-31,DEXUSEU,1.0351
2025-01-02,DEXUSEU,1.0261
2025-01-03,DEXUSEU,1.0292
2025-01-06,DEXUSEU,1.0397
2025-01-07,DEXUSEU,1.0369
2025-01-08,DEXUSEU,1.0313
2025-01-09,DEXUSEU,1.0298
2025-01-10,DEXUSEU,1.0238
2025-01-13,DEXUSEU,1.0209
2025-01-14,DEXUSEU,1.0292
2025-01-15,DEXUSEU,1.0282
2025-01-16,DEXUSEU,1.0303
2025-01-17,DEXUSEU,1.0287
2025-01-21,DEXUSEU,1.0423
2025-01-22,DEXUSEU,1.042
2025-01-23,DEXUSEU,1.042
2025-01-24,DEXUSEU,1.0515
2025-01-27,DEXUSEU,1.0492
2025-01-28,DEXUSEU,1.0427
2025-01-29,DEXUSEU,1.0416
2025-01-30,DEXUSEU,1.042
2025-01-31,DEXUSEU,1.04
2025-02-03,DEXUSEU,1.0277
2025-02-04,DEXUSEU,1.0379
2025-02-05,DEXUSEU,1.0419
2025-02-06,DEXUSEU,1.0368
2025-02-07,DEXUSEU,1.0329
2025-02-10,DEXUSEU,1.0312
2025-02-11,DEXUSEU,1.0346
2025-02-12,DEXUSEU,1.0392
2025-02-13,DEXUSEU,1.0428
2025-02-14,DEXUSEU,1.0498
2025-02-18,DEXUSEU,1.0457
2025-02-19,DEXUSEU,1.0406
2025-02-20,DEXUSEU,1.0475
2025-02-21,DEXUSEU,1.0455
2025-02-24,DEXUSEU,1.0478
2025-02-25,DEXUSEU,1.0498
2025-02-26,DEXUSEU,1.0514
2025-02-27,DEXUSEU,1.0414
2025-02-28,DEXUSEU,1.0402
2025-03-03,DEXUSEU,1.0496
2025-03-04,DEXUSEU,1.0534
2025-03-05,DEXUSEU,1.0768
2025-03-06,DEXUSEU,1.0818
2025-03-07,DEXUSEU,1.0859
2025-03-10,DEXUSEU,1.0837
2025-03-11,DEXUSEU,1.0927
2025-03-12,DEXUSEU,1.0925
2025-03-13,DEXUSEU,1.0859
2025-03-14,DEXUSEU,1.0872
2025-03-17,DEXUSEU,1.0922
2025-03-18,DEXUSEU,1.0927
2025-03-19,DEXUSEU,1.0877
2025-03-20,DEXUSEU,1.0848
2025-03-21,DEXUSEU,1.0806
2025-03-24,DEXUSEU,1.0794
2025-03-25,DEXUSEU,1.0804
2025-03-26,DEXUSEU,1.0781
2025-03-27,DEXUSEU,1.08
2025-03-28,DEXUSEU,1.0826
2025-03-31,DEXUSEU,1.0796
2025-04-01,DEXUSEU,1.08
2025-04-02,DEXUSEU,1.0868
2025-04-03,DEXUSEU,1.1052
2025-04-04,DEXUSEU,1.1014
2025-04-07,DEXUSEU,1.0912
2025-04-08,DEXUSEU,1.0912
2025-04-09,DEXUSEU,1.104
2025-04-10,DEXUSEU,1.1192
2025-04-11,DEXUSEU,1.1325
2025-04-14,DEXUSEU,1.1358
2025-04-15,DEXUSEU,1.129
2025-04-16,DEXUSEU,1.1382
2025-04-17,DEXUSEU,1.1364
2025-04-18,DEXUSEU,1.139
2025-04-21,DEXUSEU,1.1508
2025-04-22,DEXUSEU,1.1466
2025-04-23,DEXUSEU,1.135
2025-04-24,DEXUSEU,1.1363
2025-04-25,DEXUSEU,1.1381
2025-04-28,DEXUSEU,1.1387
2025-04-29,DEXUSEU,1.1396
2025-04-30,DEXUSEU,1.1349
2025-05-01,DEXUSEU,1.1279
2025-05-02,DEXUSEU,1.133
2025-05-05,DEXUSEU,1.1315
2025-05-06,DEXUSEU,1.1345
2025-05-07,DEXUSEU,1.1348
2025-05-08,DEXUSEU,1.1249
2025-05-09,DEXUSEU,1.127
2025-05-12,DEXUSEU,1.1106
2025-05-13,DEXUSEU,1.1176
2025-05-14,DEXUSEU,1.1206
2025-05-15,DEXUSEU,1.1189
2025-05-16,DEXUSEU,1.1141
2025-05-19,DEXUSEU,1.1236
2025-05-20,DEXUSEU,1.1254
2025-05-21,DEXUSEU,1.1343
2025-05-22,DEXUSEU,1.1281
2025-05-23,DEXUSEU,1.135
2025-05-27,DEXUSEU,1.1326
2025-05-28,DEXUSEU,1.1286
2025-05-29,DEXUSEU,1.137
2025-05-30,DEXUSEU,1.1347
2025-06-02,DEXUSEU,1.1432
2025-06-03,DEXUSEU,1.1373
2025-06-04,DEXUSEU,1.1424
2025-06-05,DEXUSEU,1.144
2025-06-06,DEXUSEU,1.1397
2025-06-09,DEXUSEU,1.1425
2025-06-10,DEXUSEU,1.1423
2025-06-11,DEXUSEU,1.149
2025-06-12,DEXUSEU,1.1578
2025-06-13,DEXUSEU,1.1557
2025-06-16,DEXUSEU,1.1581
2025-06-17,DEXUSEU,1.1535
2025-06-18,DEXUSEU,1.1521
2025-06-20,DEXUSEU,1.152
2025-06-23,DEXUSEU,1.1538
2025-06-24,DEXUSEU,1.1608
2025-06-25,DEXUSEU,1.162
2025-06-26,DEXUSEU,1.1717
2025-06-27,DEXUSEU,1.1724
2025-06-30,DEXUSEU,1.177
2025-07-01,DEXUSEU,1.1776
2025-07-02,DEXUSEU,1.179
2025-07-03,DEXUSEU,1.1758
2025-07-07,DEXUSEU,1.1733
2025-07-08,DEXUSEU,1.1707
2025-07-09,DEXUSEU,1.1707
2025-07-10,DEXUSEU,1.1688
2025-07-11,DEXUSEU,1.1696
2025-07-14,DEXUSEU,1.1672
2025-07-15,DEXUSEU,1.1619
2025-07-16,DEXUSEU,1.1629
2025-07-17,DEXUSEU,1.1597
2025-07-18,DEXUSEU,1.1645
2025-07-21,DEXUSEU,1.1705
2025-07-22,DEXUSEU,1.1749
2025-07-23,DEXUSEU,1.1748
2025-07-24,DEXUSEU,1.1765
2025-07-25,DEXUSEU,1.173
2025-07-28,DEXUSEU,1.1609
2025-07-29,DEXUSEU,1.1534
2025-07-30,DEXUSEU,1.147
2025-07-31,DEXUSEU,1.1431
2025-08-01,DEXUSEU,1.1555
2025-08-04,DEXUSEU,1.1568
2025-08-05,DEXUSEU,1.158
2025-08-06,DEXUSEU,1.1647
2025-08-07,DEXUSEU,1.1641
2025-08-08,DEXUSEU,1.166
2025-08-11,DEXUSEU,1.1607
2025-08-12,DEXUSEU,1.1673
2025-08-13,DEXUSEU,1.1715
2025-08-14,DEXUSEU,1.1644
2025-08-15,DEXUSEU,1.1708
2025-08-18,DEXUSEU,1.1667
2025-08-19,DEXUSEU,1.166
2025-08-20,DEXUSEU,1.1649
2025-08-21,DEXUSEU,1.1605
2025-08-22,DEXUSEU,1.1713
2025-08-25,DEXUSEU,1.167
2025-08-26,DEXUSEU,1.1657
2025-08-27,DEXUSEU,1.1611
2025-08-28,DEXUSEU,1.1672
2025-08-29,DEXUSEU,1.1695
2025-09-02,DEXUSEU,1.1653
2025-09-03,DEXUSEU,1.1676
2025-09-04,DEXUSEU,1.1648
2025-09-05,DEXUSEU,1.1759
2025-09-08,DEXUSEU,1.1751
2025-09-09,DEXUSEU,1.1723
2025-09-10,DEXUSEU,1.1714
2025-09-11,DEXUSEU,1.1732
2025-09-12,DEXUSEU,1.1714
2025-09-15,DEXUSEU,1.1772
2025-09-16,DEXUSEU,1.1848
2025-09-17,DEXUSEU,1.1845
2025-09-18,DEXUSEU,1.178
2025-09-19,DEXUSEU,1.1753
2025-09-22,DEXUSEU,1.1773
2025-09-23,DEXUSEU,1.18
2025-09-24,DEXUSEU,1.1742
2025-09-25,DEXUSEU,1.1673
2025-09-26,DEXUSEU,1.1692
2025-09-29,DEXUSEU,1.173
2025-09-30,DEXUSEU,1.1735
2025-10-01,DEXUSEU,1.1723
2025-10-02,DEXUSEU,1.1696
2025-10-03,DEXUSEU,1.1747
2025-10-06,DEXUSEU,1.1707
2025-10-07,DEXUSEU,1.1674
2025-10-08,DEXUSEU,1.1606
2025-10-09,DEXUSEU,1.1559
2025-10-10,DEXUSEU,1.1613
2025-10-14,DEXUSEU,1.1608
2025-10-15,DEXUSEU,1.1638
2025-10-16,DEXUSEU,1.1665
2025-10-17,DEXUSEU,1.1674
2025-10-20,DEXUSEU,1.1656
2025-10-21,DEXUSEU,1.1616
2025-10-22,DEXUSEU,1.1612
2025-10-23,DEXUSEU,1.1612
2025-10-24,DEXUSEU,1.1626
2025-10-27,DEXUSEU,1.1636
2025-10-28,DEXUSEU,1.1659
2025-10-29,DEXUSEU,1.1664
2025-10-30,DEXUSEU,1.1564
2025-10-31,DEXUSEU,1.1541
2025-11-03,DEXUSEU,1.1531
2025-11-04,DEXUSEU,1.1491
2025-11-05,DEXUSEU,1.1485
2025-11-06,DEXUSEU,1.1539
2025-11-07,DEXUSEU,1.1578
2025-11-10,DEXUSEU,1.1545
2025-11-12,DEXUSEU,1.1592
2025-11-13,DEXUSEU,1.1649
2025-11-14,DEXUSEU,1.1617
2025-11-17,DEXUSEU,1.1598
2025-11-18,DEXUSEU,1.1579
2025-11-19,DEXUSEU,1.154
2025-11-20,DEXUSEU,1.1534
2025-11-21,DEXUSEU,1.1506
2025-11-24,DEXUSEU,1.1518
2025-11-25,DEXUSEU,1.1553
2025-11-26,DEXUSEU,1.1591
2025-11-28,DEXUSEU,1.16
2025-12-01,DEXUSEU,1.1623
2025-12-02,DEXUSEU,1.1596
2025-12-03,DEXUSEU,1.166
2025-12-04,DEXUSEU,1.1659
2025-12-05,DEXUSEU,1.1635
2025-12-08,DEXUSEU,1.1626
2025-12-09,DEXUSEU,1.1639
2025-12-10,DEXUSEU,1.165
2025-12-11,DEXUSEU,1.1756
2025-12-12,DEXUSEU,1.1731
2025-12-15,DEXUSEU,1.1756
2025-12-16,DEXUSEU,1.177
2025-12-17,DEXUSEU,1.1748
2025-12-18,DEXUSEU,1.1729
2025-12-19,DEXUSEU,1.1721
2025-12-22,DEXUSEU,1.175
2025-12-23,DEXUSEU,1.1776
2025-12-24,DEXUSEU,1.178
2025-12-26,DEXUSEU,1.1766
2025-12-29,DEXUSEU,1.1756
2025-12-30,DEXUSEU,1.1765
2025-12-31,DEXUSEU,1.1736
2026-01-02,DEXUSEU,1.1738
2026-01-05,DEXUSEU,1.1715
2026-01-06,DEXUSEU,1.1689
2026-01-07,DEXUSEU,1.169
2026-01-08,DEXUSEU,1.1655
2026-01-09,DEXUSEU,1.1634
2026-01-12,DEXUSEU,1.1672
2026-01-13,DEXUSEU,1.1646
2026-01-14,DEXUSEU,1.1655
2026-01-15,DEXUSEU,1.1605
2026-01-16,DEXUSEU,1.1599
2026-01-20,DEXUSEU,1.1739
2026-01-21,DEXUSEU,1.1705
2026-01-22,DEXUSEU,1.1738
2026-01-23,DEXUSEU,1.1771
2026-01-26,DEXUSEU,1.1886
2026-01-27,DEXUSEU,1.198
2026-01-28,DEXUSEU,1.1941
2026-01-29,DEXUSEU,1.1943
2026-01-30,DEXUSEU,1.1885
2026-02-02,DEXUSEU,1.1807
2026-02-03,DEXUSEU,1.1819
2026-02-04,DEXUSEU,1.1803
2026-02-05,DEXUSEU,1.1802
2026-02-06,DEXUSEU,1.1812
2026-02-09,DEXUSEU,1.1898
2026-02-10,DEXUSEU,1.1898
2026-02-11,DEXUSEU,1.1884
2026-02-12,DEXUSEU,1.187
2026-02-13,DEXUSEU,1.187
2026-02-17,DEXUSEU,1.1831
2026-02-18,DEXUSEU,1.181
2026-02-19,DEXUSEU,1.1762
2026-02-20,DEXUSEU,1.1781
2026-02-23,DEXUSEU,1.1804
2026-02-24,DEXUSEU,1.1789
2026-02-25,DEXUSEU,1.1804
2026-02-26,DEXUSEU,1.1792
2026-02-27,DEXUSEU,1.1822
2026-03-02,DEXUSEU,1.169
2026-03-03,DEXUSEU,1.1604
2026-03-04,DEXUSEU,1.1638
2026-03-05,DEXUSEU,1.1585
2026-03-06,DEXUSEU,1.1606
2026-03-09,DEXUSEU,1.1592
2026-03-10,DEXUSEU,1.1648
2026-03-11,DEXUSEU,1.1566
2026-03-12,DEXUSEU,1.1522
2026-03-13,DEXUSEU,1.1444
2026-03-16,DEXUSEU,1.1487
2026-03-17,DEXUSEU,1.1525
2026-03-18,DEXUSEU,1.1513
2026-03-19,DEXUSEU,1.1515
2026-03-20,DEXUSEU,1.1543
2026-03-23,DEXUSEU,1.1587
2026-03-24,DEXUSEU,1.1578
2026-03-25,DEXUSEU,1.157
2026-03-26,DEXUSEU,1.1542
2026-03-27,DEXUSEU,1.152
2026-03-30,DEXUSEU,1.1454
2026-03-31,DEXUSEU,1.1518
2026-04-01,DEXUSEU,1.1614
2026-04-02,DEXUSEU,1.1546
2026-04-03,DEXUSEU,1.1523
2026-04-06,DEXUSEU,1.1545
2026-04-07,DEXUSEU,1.1571
2026-04-08,DEXUSEU,1.1686
2026-04-09,DEXUSEU,1.1706
2026-04-10,DEXUSEU,1.1723
2026-04-13,DEXUSEU,1.171
2026-04-14,DEXUSEU,1.1791
2026-04-15,DEXUSEU,1.1799
2026-04-16,DEXUSEU,1.1783
2026-04-17,DEXUSEU,1.1801
2026-04-20,DEXUSEU,1.1785
2026-04-21,DEXUSEU,1.1752
2026-04-22,DEXUSEU,1.1714
2026-04-23,DEXUSEU,1.1704
2026-04-24,DEXUSEU,1.1718
2026-04-27,DEXUSEU,1.1731
2026-04-28,DEXUSEU,1.1715
2026-04-29,DEXUSEU,1.1695
2026-04-30,DEXUSEU,1.1729
2026-05-01,DEXUSEU,1.1755
2026-05-04,DEXUSEU,1.1698
2026-05-05,DEXUSEU,1.1707
2026-05-06,DEXUSEU,1.1753
2026-05-07,DEXUSEU,1.1764
2026-05-08,DEXUSEU,1.1773
2026-05-11,DEXUSEU,1.178
2026-05-12,DEXUSEU,1.1733
2026-05-13,DEXUSEU,1.1711
2026-05-14,DEXUSEU,1.1678
2026-05-15,DEXUSEU,1.1627
2026-05-18,DEXUSEU,1.1649
2026-05-19,DEXUSEU,1.1602
2026-05-20,DEXUSEU,1.162
2026-05-21,DEXUSEU,1.1589
2026-05-22,DEXUSEU,1.1603
2026-05-26,DEXUSEU,1.162
2026-05-27,DEXUSEU,1.1631
2026-05-28,DEXUSEU,1.1649
2026-05-29,DEXUSEU,1.1679
2026-06-01,DEXUSEU,1.1624
2026-06-02,DEXUSEU,1.1642
2026-06-03,DEXUSEU,1.1605
2026-06-04,DEXUSEU,1.1629
2026-06-05,DEXUSEU,1.1533
2026-06-08,DEXUSEU,1.1545
2026-06-09,DEXUSEU,1.1556
2026-06-10,DEXUSEU,1.155
2026-06-11,DEXUSEU,1.1515
2026-06-12,DEXUSEU,1.1573
2026-06-15,DEXUSEU,1.1599
2026-06-16,DEXUSEU,1.1615
2026-06-17,DEXUSEU,1.1593
2026-06-18,DEXUSEU,1.147
2026-06-22,DEXUSEU,1.1432
2026-06-23,DEXUSEU,1.1383
2026-06-24,DEXUSEU,1.1348
2026-06-25,DEXUSEU,1.1385
2026-06-26,DEXUSEU,1.1403
2026-06-29,DEXUSEU,1.1425
2026-06-30,DEXUSEU,1.1417
2026-07-01,DEXUSEU,1.1384
2026-07-02,DEXUSEU,1.1448
2026-07-06,DEXUSEU,1.1426
2026-07-07,DEXUSEU,1.1423
2026-07-08,DEXUSEU,1.1396
2026-07-09,DEXUSEU,1.1439
2026-07-10,DEXUSEU,1.1438
2026-07-13,DEXUSEU,1.1402
2026-07-14,DEXUSEU,1.1428
2026-07-15,DEXUSEU,1.1436
2026-07-16,DEXUSEU,1.1447
2026-07-17,DEXUSEU,1.144
2026-07-20,DEXUSEU,1.1411
2026-07-21,DEXUSEU,1.1408
2026-07-22,DEXUSEU,1.1414
2026-07-23,DEXUSEU,1.1373
2026-07-24,DEXUSEU,1.1385
2026-07-27,DEXUSEU,1.1376
2026-07-28,DEXUSEU,1.1401
2026-07-29,DEXUSEU,1.1384
2026-07-30,DEXUSEU,1.1522
2026-07-31,DEXUSEU,1.1519
2026-08-03,DEXUSEU,1.1509
2026-08-04,DEXUSEU,1.1527
2026-08-05,DEXUSEU,1.1547
2026-08-06,DEXUSEU,1.1521
2026-08-07,DEXUSEU,1.1559
2026-08-10,DEXUSEU,1.1552
2026-08-11,DEXUSEU,1.1543
2026-08-12,DEXUSEU,1.154
2026-08-13,DEXUSEU,1.1531
2026-08-14,DEXUSEU,1.1581
2026-08-17,DEXUSEU,1.1591
2026-08-18,DEXUSEU,1.158
2026-08-19,DEXUSEU,1.1664
2026-08-20,DEXUSEU,1.1679
2026-08-21,DEXUSEU,1.1684
2026-08-24,DEXUSEU,1.1665
2026-08-25,DEXUSEU,1.1673
2026-08-26,DEXUSEU,1.1651
2026-08-27,DEXUSEU,1.1654
2026-08-28,DEXUSEU,1.1598
2024-09-04,DEXUSUK,1.3142
2024-09-05,DEXUSUK,1.3165
2024-09-06,DEXUSUK,1.3136
2024-09-09,DEXUSUK,1.3083
2024-09-10,DEXUSUK,1.3065
2024-09-11,DEXUSUK,1.3027
2024-09-12,DEXUSUK,1.3081
2024-09-13,DEXUSUK,1.314
2024-09-16,DEXUSUK,1.3202
2024-09-17,DEXUSUK,1.3164
2024-09-18,DEXUSUK,1.3199
2024-09-19,DEXUSUK,1.3279
2024-09-20,DEXUSUK,1.3305
2024-09-23,DEXUSUK,1.3351
2024-09-24,DEXUSUK,1.3376
2024-09-25,DEXUSUK,1.3338
2024-09-26,DEXUSUK,1.3428
2024-09-27,DEXUSUK,1.3394
2024-09-30,DEXUSUK,1.3399
2024-10-01,DEXUSUK,1.3282
2024-10-02,DEXUSUK,1.3271
2024-10-03,DEXUSUK,1.3114
2024-10-04,DEXUSUK,1.3107
2024-10-07,DEXUSUK,1.308
2024-10-08,DEXUSUK,1.3093
2024-10-09,DEXUSUK,1.308
2024-10-10,DEXUSUK,1.3053
2024-10-11,DEXUSUK,1.307
2024-10-15,DEXUSUK,1.3083
2024-10-16,DEXUSUK,1.3
2024-10-17,DEXUSUK,1.3008
2024-10-18,DEXUSUK,1.3022
2024-10-21,DEXUSUK,1.298
2024-10-22,DEXUSUK,1.2969
2024-10-23,DEXUSUK,1.2944
2024-10-24,DEXUSUK,1.2964
2024-10-25,DEXUSUK,1.2978
2024-10-28,DEXUSUK,1.2981
2024-10-29,DEXUSUK,1.3005
2024-10-30,DEXUSUK,1.3012
2024-10-31,DEXUSUK,1.2856
2024-11-01,DEXUSUK,1.2959
2024-11-04,DEXUSUK,1.2942
2024-11-05,DEXUSUK,1.3015
2024-11-06,DEXUSUK,1.2897
2024-11-07,DEXUSUK,1.2985
2024-11-08,DEXUSUK,1.2905
2024-11-12,DEXUSUK,1.2733
2024-11-13,DEXUSUK,1.2709
2024-11-14,DEXUSUK,1.2706
2024-11-15,DEXUSUK,1.2629
2024-11-18,DEXUSUK,1.2664
2024-11-19,DEXUSUK,1.2667
2024-11-20,DEXUSUK,1.2639
2024-11-21,DEXUSUK,1.2586
2024-11-22,DEXUSUK,1.2516
2024-11-25,DEXUSUK,1.2554
2024-11-26,DEXUSUK,1.2547
2024-11-27,DEXUSUK,1.2678
2024-11-29,DEXUSUK,1.2699
2024-12-02,DEXUSUK,1.2639
2024-12-03,DEXUSUK,1.2677
2024-12-04,DEXUSUK,1.2712
2024-12-05,DEXUSUK,1.2754
2024-12-06,DEXUSUK,1.2744
2024-12-09,DEXUSUK,1.2783
2024-12-10,DEXUSUK,1.2758
2024-12-11,DEXUSUK,1.2763
2024-12-12,DEXUSUK,1.2715
2024-12-13,DEXUSUK,1.2629
2024-12-16,DEXUSUK,1.269
2024-12-17,DEXUSUK,1.2718
2024-12-18,DEXUSUK,1.2696
2024-12-19,DEXUSUK,1.253
2024-12-20,DEXUSUK,1.2587
2024-12-23,DEXUSUK,1.2529
2024-12-24,DEXUSUK,1.2528
2024-12-26,DEXUSUK,1.2522
2024-12-27,DEXUSUK,1.2573
2024-12-30,DEXUSUK,1.2523
2024-12-31,DEXUSUK,1.2521
2025-01-02,DEXUSUK,1.2376
2025-01-03,DEXUSUK,1.2419
2025-01-06,DEXUSUK,1.253
2025-01-07,DEXUSUK,1.2499
2025-01-08,DEXUSUK,1.2366
2025-01-09,DEXUSUK,1.2303
2025-01-10,DEXUSUK,1.2215
2025-01-13,DEXUSUK,1.2158
2025-01-14,DEXUSUK,1.2188
2025-01-15,DEXUSUK,1.2214
2025-01-16,DEXUSUK,1.2246
2025-01-17,DEXUSUK,1.2181
2025-01-21,DEXUSUK,1.2331
2025-01-22,DEXUSUK,1.2324
2025-01-23,DEXUSUK,1.2347
2025-01-24,DEXUSUK,1.2496
2025-01-27,DEXUSUK,1.2479
2025-01-28,DEXUSUK,1.2433
2025-01-29,DEXUSUK,1.2435
2025-01-30,DEXUSUK,1.2453
2025-01-31,DEXUSUK,1.2447
2025-02-03,DEXUSUK,1.2389
2025-02-04,DEXUSUK,1.2487
2025-02-05,DEXUSUK,1.2516
2025-02-06,DEXUSUK,1.2435
2025-02-07,DEXUSUK,1.2396
2025-02-10,DEXUSUK,1.2385
2025-02-11,DEXUSUK,1.2423
2025-02-12,DEXUSUK,1.2444
2025-02-13,DEXUSUK,1.2528
2025-02-14,DEXUSUK,1.2609
2025-02-18,DEXUSUK,1.2614
2025-02-19,DEXUSUK,1.2571
2025-02-20,DEXUSUK,1.2643
2025-02-21,DEXUSUK,1.2647
2025-02-24,DEXUSUK,1.264
2025-02-25,DEXUSUK,1.2652
2025-02-26,DEXUSUK,1.2696
2025-02-27,DEXUSUK,1.2628
2025-02-28,DEXUSUK,1.2591
2025-03-03,DEXUSUK,1.2711
2025-03-04,DEXUSUK,1.2726
2025-03-05,DEXUSUK,1.2864
2025-03-06,DEXUSUK,1.2894
2025-03-07,DEXUSUK,1.2918
2025-03-10,DEXUSUK,1.2909
2025-03-11,DEXUSUK,1.2948
2025-03-12,DEXUSUK,1.297
2025-03-13,DEXUSUK,1.2945
2025-03-14,DEXUSUK,1.2917
2025-03-17,DEXUSUK,1.2988
2025-03-18,DEXUSUK,1.2987
2025-03-19,DEXUSUK,1.2969
2025-03-20,DEXUSUK,1.2973
2025-03-21,DEXUSUK,1.2896
2025-03-24,DEXUSUK,1.2913
2025-03-25,DEXUSUK,1.2948
2025-03-26,DEXUSUK,1.2889
2025-03-27,DEXUSUK,1.2963
2025-03-28,DEXUSUK,1.2942
2025-03-31,DEXUSUK,1.2896
2025-04-01,DEXUSUK,1.2923
2025-04-02,DEXUSUK,1.2974
2025-04-03,DEXUSUK,1.3113
2025-04-04,DEXUSUK,1.2927
2025-04-07,DEXUSUK,1.2729
2025-04-08,DEXUSUK,1.2769
2025-04-09,DEXUSUK,1.2771
2025-04-10,DEXUSUK,1.294
2025-04-11,DEXUSUK,1.3051
2025-04-14,DEXUSUK,1.3176
2025-04-15,DEXUSUK,1.3223
2025-04-16,DEXUSUK,1.3247
2025-04-17,DEXUSUK,1.3259
2025-04-18,DEXUSUK,1.3279
2025-04-21,DEXUSUK,1.3385
2025-04-22,DEXUSUK,1.3376
2025-04-23,DEXUSUK,1.3256
2025-04-24,DEXUSUK,1.3309
2025-04-25,DEXUSUK,1.3331
2025-04-28,DEXUSUK,1.3395
2025-04-29,DEXUSUK,1.3397
2025-04-30,DEXUSUK,1.3344
2025-05-01,DEXUSUK,1.3273
2025-05-02,DEXUSUK,1.3283
2025-05-05,DEXUSUK,1.3284
2025-05-06,DEXUSUK,1.3369
2025-05-07,DEXUSUK,1.3344
2025-05-08,DEXUSUK,1.3287
2025-05-09,DEXUSUK,1.3318
2025-05-12,DEXUSUK,1.3194
2025-05-13,DEXUSUK,1.328
2025-05-14,DEXUSUK,1.3303
2025-05-15,DEXUSUK,1.3292
2025-05-16,DEXUSUK,1.3257
2025-05-19,DEXUSUK,1.3357
2025-05-20,DEXUSUK,1.3371
2025-05-21,DEXUSUK,1.3447
2025-05-22,DEXUSUK,1.3426
2025-05-23,DEXUSUK,1.3511
2025-05-27,DEXUSUK,1.3505
2025-05-28,DEXUSUK,1.3462
2025-05-29,DEXUSUK,1.3489
2025-05-30,DEXUSUK,1.3468
2025-06-02,DEXUSUK,1.3549
2025-06-03,DEXUSUK,1.352
2025-06-04,DEXUSUK,1.357
2025-06-05,DEXUSUK,1.3584
2025-06-06,DEXUSUK,1.3532
2025-06-09,DEXUSUK,1.3563
2025-06-10,DEXUSUK,1.3508
2025-06-11,DEXUSUK,1.3556
2025-06-12,DEXUSUK,1.3589
2025-06-13,DEXUSUK,1.3594
2025-06-16,DEXUSUK,1.36
2025-06-17,DEXUSUK,1.3516
2025-06-18,DEXUSUK,1.3471
2025-06-20,DEXUSUK,1.3465
2025-06-23,DEXUSUK,1.3491
2025-06-24,DEXUSUK,1.3616
2025-06-25,DEXUSUK,1.3626
2025-06-26,DEXUSUK,1.3754
2025-06-27,DEXUSUK,1.372
2025-06-30,DEXUSUK,1.3722
2025-07-01,DEXUSUK,1.3728
2025-07-02,DEXUSUK,1.3623
2025-07-03,DEXUSUK,1.3656
2025-07-07,DEXUSUK,1.3638
2025-07-08,DEXUSUK,1.3575
2025-07-09,DEXUSUK,1.3585
2025-07-10,DEXUSUK,1.3569
2025-07-11,DEXUSUK,1.3503
2025-07-14,DEXUSUK,1.3437
2025-07-15,DEXUSUK,1.3396
2025-07-16,DEXUSUK,1.3426
2025-07-17,DEXUSUK,1.3413
2025-07-18,DEXUSUK,1.3439
2025-07-21,DEXUSUK,1.3498
2025-07-22,DEXUSUK,1.3522
2025-07-23,DEXUSUK,1.3566
2025-07-24,DEXUSUK,1.3524
2025-07-25,DEXUSUK,1.3429
2025-07-28,DEXUSUK,1.3393
2025-07-29,DEXUSUK,1.3339
2025-07-30,DEXUSUK,1.3274
2025-07-31,DEXUSUK,1.322
2025-08-01,DEXUSUK,1.3259
2025-08-04,DEXUSUK,1.329
2025-08-05,DEXUSUK,1.3309
2025-08-06,DEXUSUK,1.336
2025-08-07,DEXUSUK,1.3434
2025-08-08,DEXUSUK,1.3444
2025-08-11,DEXUSUK,1.3414
2025-08-12,DEXUSUK,1.3509
2025-08-13,DEXUSUK,1.3572
2025-08-14,DEXUSUK,1.3532
2025-08-15,DEXUSUK,1.3565
2025-08-18,DEXUSUK,1.3521
2025-08-19,DEXUSUK,1.3496
2025-08-20,DEXUSUK,1.345
2025-08-21,DEXUSUK,1.3417
2025-08-22,DEXUSUK,1.3528
2025-08-25,DEXUSUK,1.3491
2025-08-26,DEXUSUK,1.3485
2025-08-27,DEXUSUK,1.3468
2025-08-28,DEXUSUK,1.3516
2025-08-29,DEXUSUK,1.3511
2025-09-02,DEXUSUK,1.3392
2025-09-03,DEXUSUK,1.3448
2025-09-04,DEXUSUK,1.3441
2025-09-05,DEXUSUK,1.3543
2025-09-08,DEXUSUK,1.355
2025-09-09,DEXUSUK,1.3533
2025-09-10,DEXUSUK,1.3548
2025-09-11,DEXUSUK,1.3568
2025-09-12,DEXUSUK,1.3547
2025-09-15,DEXUSUK,1.3609
2025-09-16,DEXUSUK,1.3654
2025-09-17,DEXUSUK,1.3661
2025-09-18,DEXUSUK,1.3552
2025-09-19,DEXUSUK,1.3484
2025-09-22,DEXUSUK,1.3505
2025-09-23,DEXUSUK,1.3518
2025-09-24,DEXUSUK,1.345
2025-09-25,DEXUSUK,1.3351
2025-09-26,DEXUSUK,1.3404
2025-09-29,DEXUSUK,1.3433
2025-09-30,DEXUSUK,1.3443
2025-10-01,DEXUSUK,1.3474
2025-10-02,DEXUSUK,1.3423
2025-10-03,DEXUSUK,1.3481
2025-10-06,DEXUSUK,1.3476
2025-10-07,DEXUSUK,1.3441
2025-10-08,DEXUSUK,1.339
2025-10-09,DEXUSUK,1.3312
2025-10-10,DEXUSUK,1.3343
2025-10-14,DEXUSUK,1.3321
2025-10-15,DEXUSUK,1.3396
2025-10-16,DEXUSUK,1.3425
2025-10-17,DEXUSUK,1.3425
2025-10-20,DEXUSUK,1.342
2025-10-21,DEXUSUK,1.3391
2025-10-22,DEXUSUK,1.3372
2025-10-23,DEXUSUK,1.3323
2025-10-24,DEXUSUK,1.3298
2025-10-27,DEXUSUK,1.3331
2025-10-28,DEXUSUK,1.328
2025-10-29,DEXUSUK,1.3243
2025-10-30,DEXUSUK,1.3147
2025-10-31,DEXUSUK,1.3141
2025-11-03,DEXUSUK,1.315
2025-11-04,DEXUSUK,1.3044
2025-11-05,DEXUSUK,1.3051
2025-11-06,DEXUSUK,1.3107
2025-11-07,DEXUSUK,1.3165
2025-11-10,DEXUSUK,1.3157
2025-11-12,DEXUSUK,1.3131
2025-11-13,DEXUSUK,1.3214
2025-11-14,DEXUSUK,1.3156
2025-11-17,DEXUSUK,1.3179
2025-11-18,DEXUSUK,1.3152
2025-11-19,DEXUSUK,1.3077
2025-11-20,DEXUSUK,1.3079
2025-11-21,DEXUSUK,1.31
2025-11-24,DEXUSUK,1.3096
2025-11-25,DEXUSUK,1.3174
2025-11-26,DEXUSUK,1.3228
2025-11-28,DEXUSUK,1.3239
2025-12-01,DEXUSUK,1.3229
2025-12-02,DEXUSUK,1.3186
2025-12-03,DEXUSUK,1.3334
2025-12-04,DEXUSUK,1.3355
2025-12-05,DEXUSUK,1.3324
2025-12-08,DEXUSUK,1.3321
2025-12-09,DEXUSUK,1.332
2025-12-10,DEXUSUK,1.334
2025-12-11,DEXUSUK,1.3428
2025-12-12,DEXUSUK,1.3351
2025-12-15,DEXUSUK,1.338
2025-12-16,DEXUSUK,1.3429
2025-12-17,DEXUSUK,1.339
2025-12-18,DEXUSUK,1.3389
2025-12-19,DEXUSUK,1.3379
2025-12-22,DEXUSUK,1.3457
2025-12-23,DEXUSUK,1.3485
2025-12-24,DEXUSUK,1.3505
2025-12-26,DEXUSUK,1.3492
2025-12-29,DEXUSUK,1.3497
2025-12-30,DEXUSUK,1.348
2025-12-31,DEXUSUK,1.3447
2026-01-02,DEXUSUK,1.3481
2026-01-05,DEXUSUK,1.3527
2026-01-06,DEXUSUK,1.3497
2026-01-07,DEXUSUK,1.3474
2026-01-08,DEXUSUK,1.343
2026-01-09,DEXUSUK,1.3413
2026-01-12,DEXUSUK,1.3466
2026-01-13,DEXUSUK,1.3436
2026-01-14,DEXUSUK,1.3445
2026-01-15,DEXUSUK,1.3387
2026-01-16,DEXUSUK,1.3384
2026-01-20,DEXUSUK,1.3472
2026-01-21,DEXUSUK,1.343
2026-01-22,DEXUSUK,1.3489
2026-01-23,DEXUSUK,1.359
2026-01-26,DEXUSUK,1.3699
2026-01-27,DEXUSUK,1.3782
2026-01-28,DEXUSUK,1.3787
2026-01-29,DEXUSUK,1.3795
2026-01-30,DEXUSUK,1.3729
2026-02-02,DEXUSUK,1.3654
2026-02-03,DEXUSUK,1.3701
2026-02-04,DEXUSUK,1.3659
2026-02-05,DEXUSUK,1.3551
2026-02-06,DEXUSUK,1.3606
2026-02-09,DEXUSUK,1.3667
2026-02-10,DEXUSUK,1.3664
2026-02-11,DEXUSUK,1.3654
2026-02-12,DEXUSUK,1.3632
2026-02-13,DEXUSUK,1.3644
2026-02-17,DEXUSUK,1.354
2026-02-18,DEXUSUK,1.3536
2026-02-19,DEXUSUK,1.3446
2026-02-20,DEXUSUK,1.35
2026-02-23,DEXUSUK,1.3509
2026-02-24,DEXUSUK,1.3531
2026-02-25,DEXUSUK,1.3552
2026-02-26,DEXUSUK,1.3504
2026-02-27,DEXUSUK,1.3455
2026-03-02,DEXUSUK,1.3393
2026-03-03,DEXUSUK,1.333
2026-03-04,DEXUSUK,1.337
2026-03-05,DEXUSUK,1.332
2026-03-06,DEXUSUK,1.3398
2026-03-09,DEXUSUK,1.3395
2026-03-10,DEXUSUK,1.346
2026-03-11,DEXUSUK,1.3399
2026-03-12,DEXUSUK,1.335
2026-03-13,DEXUSUK,1.324
2026-03-16,DEXUSUK,1.3302
2026-03-17,DEXUSUK,1.3345
2026-03-18,DEXUSUK,1.3323
2026-03-19,DEXUSUK,1.3361
2026-03-20,DEXUSUK,1.3303
2026-03-23,DEXUSUK,1.3385
2026-03-24,DEXUSUK,1.3383
2026-03-25,DEXUSUK,1.3373
2026-03-26,DEXUSUK,1.3353
2026-03-27,DEXUSUK,1.3293
2026-03-30,DEXUSUK,1.3191
2026-03-31,DEXUSUK,1.3184
2026-04-01,DEXUSUK,1.3331
2026-04-02,DEXUSUK,1.3241
2026-04-03,DEXUSUK,1.3202
2026-04-06,DEXUSUK,1.3235
2026-04-07,DEXUSUK,1.324
2026-04-08,DEXUSUK,1.3439
2026-04-09,DEXUSUK,1.3443
2026-04-10,DEXUSUK,1.346
2026-04-13,DEXUSUK,1.3459
2026-04-14,DEXUSUK,1.3563
2026-04-15,DEXUSUK,1.3569
2026-04-16,DEXUSUK,1.354
2026-04-17,DEXUSUK,1.3556
2026-04-20,DEXUSUK,1.3542
2026-04-21,DEXUSUK,1.3512
2026-04-22,DEXUSUK,1.3505
2026-04-23,DEXUSUK,1.3495
2026-04-24,DEXUSUK,1.3518
2026-04-27,DEXUSUK,1.3553
2026-04-28,DEXUSUK,1.3513
2026-04-29,DEXUSUK,1.3493
2026-04-30,DEXUSUK,1.358
2026-05-01,DEXUSUK,1.3621
2026-05-04,DEXUSUK,1.3535
2026-05-05,DEXUSUK,1.3576
2026-05-06,DEXUSUK,1.3597
2026-05-07,DEXUSUK,1.3612
2026-05-08,DEXUSUK,1.3625
2026-05-11,DEXUSUK,1.3651
2026-05-12,DEXUSUK,1.3528
2026-05-13,DEXUSUK,1.352
2026-05-14,DEXUSUK,1.348
2026-05-15,DEXUSUK,1.3332
2026-05-18,DEXUSUK,1.342
2026-05-19,DEXUSUK,1.3401
2026-05-20,DEXUSUK,1.3441
2026-05-21,DEXUSUK,1.3407
2026-05-22,DEXUSUK,1.3439
2026-05-26,DEXUSUK,1.3437
2026-05-27,DEXUSUK,1.3431
2026-05-28,DEXUSUK,1.3438
2026-05-29,DEXUSUK,1.3476
2026-06-01,DEXUSUK,1.3451
2026-06-02,DEXUSUK,1.3481
2026-06-03,DEXUSUK,1.3435
2026-06-04,DEXUSUK,1.3441
2026-06-05,DEXUSUK,1.336
2026-06-08,DEXUSUK,1.3347
2026-06-09,DEXUSUK,1.3389
2026-06-10,DEXUSUK,1.3392
2026-06-11,DEXUSUK,1.3337
2026-06-12,DEXUSUK,1.3414
2026-06-15,DEXUSUK,1.3426
2026-06-16,DEXUSUK,1.3438
2026-06-17,DEXUSUK,1.34
2026-06-18,DEXUSUK,1.3228
2026-06-22,DEXUSUK,1.3249
2026-06-23,DEXUSUK,1.3192
2026-06-24,DEXUSUK,1.316
2026-06-25,DEXUSUK,1.3216
2026-06-26,DEXUSUK,1.3223
2026-06-29,DEXUSUK,1.3255
2026-06-30,DEXUSUK,1.3259
2026-07-01,DEXUSUK,1.328
2026-07-02,DEXUSUK,1.3364
2026-07-06,DEXUSUK,1.3369
2026-07-07,DEXUSUK,1.3372
2026-07-08,DEXUSUK,1.3362
2026-07-09,DEXUSUK,1.3409
2026-07-10,DEXUSUK,1.3421
2026-07-13,DEXUSUK,1.3382
2026-07-14,DEXUSUK,1.3383
2026-07-15,DEXUSUK,1.3497
2026-07-16,DEXUSUK,1.3485
2026-07-17,DEXUSUK,1.3446
2026-07-20,DEXUSUK,1.342
2026-07-21,DEXUSUK,1.3374
2026-07-22,DEXUSUK,1.3378
2026-07-23,DEXUSUK,1.3313
2026-07-24,DEXUSUK,1.3344
2026-07-27,DEXUSUK,1.3304
2026-07-28,DEXUSUK,1.3311
2026-07-29,DEXUSUK,1.3288
2026-07-30,DEXUSUK,1.3463
2026-07-31,DEXUSUK,1.347
2026-08-03,DEXUSUK,1.3434
2026-08-04,DEXUSUK,1.3456
2026-08-05,DEXUSUK,1.3462
2026-08-06,DEXUSUK,1.3456
2026-08-07,DEXUSUK,1.3498
2026-08-10,DEXUSUK,1.3526
2026-08-11,DEXUSUK,1.3516
2026-08-12,DEXUSUK,1.3511
2026-08-13,DEXUSUK,1.3497
2026-08-14,DEXUSUK,1.3556
2026-08-17,DEXUSUK,1.3564
2026-08-18,DEXUSUK,1.3543
2026-08-19,DEXUSUK,1.3608
2026-08-20,DEXUSUK,1.3639
2026-08-21,DEXUSUK,1.3644
2026-08-24,DEXUSUK,1.3631
2026-08-25,DEXUSUK,1.3644
2026-08-26,DEXUSUK,1.3595
2026-08-27,DEXUSUK,1.36
2026-08-28,DEXUSUK,1.3555
2024-09-04,DEXJPUS,144.31
2024-09-05,DEXJPUS,143.43
2024-09-06,DEXJPUS,142.13
2024-09-09,DEXJPUS,142.92
2024-09-10,DEXJPUS,142.28
2024-09-11,DEXJPUS,141.72
2024-09-12,DEXJPUS,142.24
2024-09-13,DEXJPUS,140.66
2024-09-16,DEXJPUS,140.79
2024-09-17,DEXJPUS,141.77
2024-09-18,DEXJPUS,141.93
2024-09-19,DEXJPUS,142.88
2024-09-20,DEXJPUS,143.9
2024-09-23,DEXJPUS,143.59
2024-09-24,DEXJPUS,143.77
2024-09-25,DEXJPUS,144.41
2024-09-26,DEXJPUS,144.68
2024-09-27,DEXJPUS,142.6
2024-09-30,DEXJPUS,143.25
2024-10-01,DEXJPUS,143.66
2024-10-02,DEXJPUS,146.05
2024-10-03,DEXJPUS,146.82
2024-10-04,DEXJPUS,148.69
2024-10-07,DEXJPUS,148.13
2024-10-08,DEXJPUS,148.22
2024-10-09,DEXJPUS,149.2
2024-10-10,DEXJPUS,148.56
2024-10-11,DEXJPUS,149.12
2024-10-15,DEXJPUS,149.22
2024-10-16,DEXJPUS,149.71
2024-10-17,DEXJPUS,150.12
2024-10-18,DEXJPUS,149.58
2024-10-21,DEXJPUS,150.47
2024-10-22,DEXJPUS,151.11
2024-10-23,DEXJPUS,152.81
2024-10-24,DEXJPUS,151.87
2024-10-25,DEXJPUS,152.08
2024-10-28,DEXJPUS,153.21
2024-10-29,DEXJPUS,153.47
2024-10-30,DEXJPUS,153.15
2024-10-31,DEXJPUS,152.35
2024-11-01,DEXJPUS,152.94
2024-11-04,DEXJPUS,152.02
2024-11-05,DEXJPUS,151.96
2024-11-06,DEXJPUS,154.58
2024-11-07,DEXJPUS,153.13
2024-11-08,DEXJPUS,152.58
2024-11-12,DEXJPUS,154.73
2024-11-13,DEXJPUS,155.28
2024-11-14,DEXJPUS,155.96
2024-11-15,DEXJPUS,154.59
2024-11-18,DEXJPUS,154.78
2024-11-19,DEXJPUS,154.34
2024-11-20,DEXJPUS,155.38
2024-11-21,DEXJPUS,154.66
2024-11-22,DEXJPUS,154.73
2024-11-25,DEXJPUS,154.29
2024-11-26,DEXJPUS,153.49
2024-11-27,DEXJPUS,150.69
2024-11-29,DEXJPUS,150.41
2024-12-02,DEXJPUS,149.26
2024-12-03,DEXJPUS,149.12
2024-12-04,DEXJPUS,150.18
2024-12-05,DEXJPUS,150.19
2024-12-06,DEXJPUS,149.78
2024-12-09,DEXJPUS,151.24
2024-12-10,DEXJPUS,152.05
2024-12-11,DEXJPUS,152.34
2024-12-12,DEXJPUS,152.07
2024-12-13,DEXJPUS,153.74
2024-12-16,DEXJPUS,154.18
2024-12-17,DEXJPUS,153.41
2024-12-18,DEXJPUS,154.0
2024-12-19,DEXJPUS,157.73
2024-12-20,DEXJPUS,156.11
2024-12-23,DEXJPUS,157.04
2024-12-24,DEXJPUS,157.29
2024-12-26,DEXJPUS,158.01
2024-12-27,DEXJPUS,157.73
2024-12-30,DEXJPUS,157.26
2024-12-31,DEXJPUS,157.37
2025-01-02,DEXJPUS,157.65
2025-01-03,DEXJPUS,157.2
2025-01-06,DEXJPUS,157.54
2025-01-07,DEXJPUS,157.82
2025-01-08,DEXJPUS,158.31
2025-01-09,DEXJPUS,158.01
2025-01-10,DEXJPUS,157.68
2025-01-13,DEXJPUS,157.51
2025-01-14,DEXJPUS,157.95
2025-01-15,DEXJPUS,156.6
2025-01-16,DEXJPUS,155.44
2025-01-17,DEXJPUS,156.3
2025-01-21,DEXJPUS,155.49
2025-01-22,DEXJPUS,156.62
2025-01-23,DEXJPUS,156.0
2025-01-24,DEXJPUS,155.58
2025-01-27,DEXJPUS,154.22
2025-01-28,DEXJPUS,155.65
2025-01-29,DEXJPUS,155.22
2025-01-30,DEXJPUS,154.42
2025-01-31,DEXJPUS,154.91
2025-02-03,DEXJPUS,154.68
2025-02-04,DEXJPUS,154.56
2025-02-05,DEXJPUS,152.33
2025-02-06,DEXJPUS,152.04
2025-02-07,DEXJPUS,151.3
2025-02-10,DEXJPUS,151.72
2025-02-11,DEXJPUS,152.37
2025-02-12,DEXJPUS,154.62
2025-02-13,DEXJPUS,153.18
2025-02-14,DEXJPUS,152.25
2025-02-18,DEXJPUS,151.79
2025-02-19,DEXJPUS,151.67
2025-02-20,DEXJPUS,149.63
2025-02-21,DEXJPUS,149.49
2025-02-24,DEXJPUS,149.57
2025-02-25,DEXJPUS,149.09
2025-02-26,DEXJPUS,149.13
2025-02-27,DEXJPUS,149.8
2025-02-28,DEXJPUS,150.64
2025-03-03,DEXJPUS,150.16
2025-03-04,DEXJPUS,148.81
2025-03-05,DEXJPUS,148.82
2025-03-06,DEXJPUS,147.9
2025-03-07,DEXJPUS,147.13
2025-03-10,DEXJPUS,147.15
2025-03-11,DEXJPUS,147.48
2025-03-12,DEXJPUS,148.32
2025-03-13,DEXJPUS,147.71
2025-03-14,DEXJPUS,148.51
2025-03-17,DEXJPUS,148.56
2025-03-18,DEXJPUS,149.49
2025-03-19,DEXJPUS,150.02
2025-03-20,DEXJPUS,148.84
2025-03-21,DEXJPUS,148.98
2025-03-24,DEXJPUS,150.74
2025-03-25,DEXJPUS,149.77
2025-03-26,DEXJPUS,150.69
2025-03-27,DEXJPUS,150.97
2025-03-28,DEXJPUS,150.26
2025-03-31,DEXJPUS,149.9
2025-04-01,DEXJPUS,149.4
2025-04-02,DEXJPUS,149.98
2025-04-03,DEXJPUS,146.04
2025-04-04,DEXJPUS,145.93
2025-04-07,DEXJPUS,147.96
2025-04-08,DEXJPUS,147.02
2025-04-09,DEXJPUS,145.09
2025-04-10,DEXJPUS,144.34
2025-04-11,DEXJPUS,143.57
2025-04-14,DEXJPUS,142.96
2025-04-15,DEXJPUS,143.1
2025-04-16,DEXJPUS,142.56
2025-04-17,DEXJPUS,142.33
2025-04-18,DEXJPUS,142.22
2025-04-21,DEXJPUS,140.81
2025-04-22,DEXJPUS,140.87
2025-04-23,DEXJPUS,142.64
2025-04-24,DEXJPUS,142.64
2025-04-25,DEXJPUS,143.75
2025-04-28,DEXJPUS,142.7
2025-04-29,DEXJPUS,142.29
2025-04-30,DEXJPUS,142.63
2025-05-01,DEXJPUS,145.48
2025-05-02,DEXJPUS,144.52
2025-05-05,DEXJPUS,143.98
2025-05-06,DEXJPUS,142.76
2025-05-07,DEXJPUS,143.47
2025-05-08,DEXJPUS,145.46
2025-05-09,DEXJPUS,145.15
2025-05-12,DEXJPUS,148.09
2025-05-13,DEXJPUS,147.75
2025-05-14,DEXJPUS,146.54
2025-05-15,DEXJPUS,145.61
2025-05-16,DEXJPUS,146.02
2025-05-19,DEXJPUS,144.99
2025-05-20,DEXJPUS,144.72
2025-05-21,DEXJPUS,143.68
2025-05-22,DEXJPUS,143.89
2025-05-23,DEXJPUS,142.61
2025-05-27,DEXJPUS,144.37
2025-05-28,DEXJPUS,145.04
2025-05-29,DEXJPUS,144.09
2025-05-30,DEXJPUS,144.18
2025-06-02,DEXJPUS,142.76
2025-06-03,DEXJPUS,143.93
2025-06-04,DEXJPUS,142.91
2025-06-05,DEXJPUS,143.87
2025-06-06,DEXJPUS,144.87
2025-06-09,DEXJPUS,144.37
2025-06-10,DEXJPUS,144.91
2025-06-11,DEXJPUS,144.48
2025-06-12,DEXJPUS,143.64
2025-06-13,DEXJPUS,144.04
2025-06-16,DEXJPUS,144.14
2025-06-17,DEXJPUS,145.04
2025-06-18,DEXJPUS,144.58
2025-06-20,DEXJPUS,145.92
2025-06-23,DEXJPUS,146.47
2025-06-24,DEXJPUS,144.9
2025-06-25,DEXJPUS,145.59
2025-06-26,DEXJPUS,144.34
2025-06-27,DEXJPUS,144.74
2025-06-30,DEXJPUS,144.17
2025-07-01,DEXJPUS,143.58
2025-07-02,DEXJPUS,143.76
2025-07-03,DEXJPUS,144.96
2025-07-07,DEXJPUS,145.86
2025-07-08,DEXJPUS,146.81
2025-07-09,DEXJPUS,146.53
2025-07-10,DEXJPUS,146.46
2025-07-11,DEXJPUS,147.29
2025-07-14,DEXJPUS,147.69
2025-07-15,DEXJPUS,148.75
2025-07-16,DEXJPUS,148.08
2025-07-17,DEXJPUS,148.55
2025-07-18,DEXJPUS,148.55
2025-07-21,DEXJPUS,147.27
2025-07-22,DEXJPUS,146.36
2025-07-23,DEXJPUS,146.55
2025-07-24,DEXJPUS,146.92
2025-07-25,DEXJPUS,147.77
2025-07-28,DEXJPUS,148.45
2025-07-29,DEXJPUS,148.57
2025-07-30,DEXJPUS,149.07
2025-07-31,DEXJPUS,150.6
2025-08-01,DEXJPUS,148.06
2025-08-04,DEXJPUS,147.09
2025-08-05,DEXJPUS,147.49
2025-08-06,DEXJPUS,147.25
2025-08-07,DEXJPUS,147.35
2025-08-08,DEXJPUS,147.7
2025-08-11,DEXJPUS,147.99
2025-08-12,DEXJPUS,147.8
2025-08-13,DEXJPUS,147.25
2025-08-14,DEXJPUS,147.69
2025-08-15,DEXJPUS,147.0
2025-08-18,DEXJPUS,147.76
2025-08-19,DEXJPUS,147.72
2025-08-20,DEXJPUS,147.19
2025-08-21,DEXJPUS,148.35
2025-08-22,DEXJPUS,146.82
2025-08-25,DEXJPUS,147.61
2025-08-26,DEXJPUS,147.3
2025-08-27,DEXJPUS,147.75
2025-08-28,DEXJPUS,146.98
2025-08-29,DEXJPUS,146.9
2025-09-02,DEXJPUS,148.23
2025-09-03,DEXJPUS,147.97
2025-09-04,DEXJPUS,148.63
2025-09-05,DEXJPUS,146.84
2025-09-08,DEXJPUS,147.58
2025-09-09,DEXJPUS,147.23
2025-09-10,DEXJPUS,147.37
2025-09-11,DEXJPUS,147.17
2025-09-12,DEXJPUS,147.85
2025-09-15,DEXJPUS,147.27
2025-09-16,DEXJPUS,146.56
2025-09-17,DEXJPUS,146.36
2025-09-18,DEXJPUS,148.02
2025-09-19,DEXJPUS,147.83
2025-09-22,DEXJPUS,147.83
2025-09-23,DEXJPUS,147.83
2025-09-24,DEXJPUS,148.71
2025-09-25,DEXJPUS,149.78
2025-09-26,DEXJPUS,149.52
2025-09-29,DEXJPUS,148.57
2025-09-30,DEXJPUS,147.97
2025-10-01,DEXJPUS,147.16
2025-10-02,DEXJPUS,147.35
2025-10-03,DEXJPUS,147.33
2025-10-06,DEXJPUS,150.02
2025-10-07,DEXJPUS,151.17
2025-10-08,DEXJPUS,152.72
2025-10-09,DEXJPUS,153.05
2025-10-10,DEXJPUS,151.94
2025-10-14,DEXJPUS,151.77
2025-10-15,DEXJPUS,151.21
2025-10-16,DEXJPUS,150.75
2025-10-17,DEXJPUS,150.33
2025-10-20,DEXJPUS,150.59
2025-10-21,DEXJPUS,151.72
2025-10-22,DEXJPUS,151.79
2025-10-23,DEXJPUS,152.72
2025-10-24,DEXJPUS,152.82
2025-10-27,DEXJPUS,153.09
2025-10-28,DEXJPUS,152.14
2025-10-29,DEXJPUS,151.91
2025-10-30,DEXJPUS,154.17
2025-10-31,DEXJPUS,154.05
2025-11-03,DEXJPUS,154.13
2025-11-04,DEXJPUS,153.55
2025-11-05,DEXJPUS,154.11
2025-11-06,DEXJPUS,152.97
2025-11-07,DEXJPUS,153.06
2025-11-10,DEXJPUS,153.99
2025-11-12,DEXJPUS,154.64
2025-11-13,DEXJPUS,154.4
2025-11-14,DEXJPUS,154.64
2025-11-17,DEXJPUS,155.2
2025-11-18,DEXJPUS,155.44
2025-11-19,DEXJPUS,156.63
2025-11-20,DEXJPUS,157.41
2025-11-21,DEXJPUS,156.58
2025-11-24,DEXJPUS,156.94
2025-11-25,DEXJPUS,156.3
2025-11-26,DEXJPUS,156.38
2025-11-28,DEXJPUS,156.17
2025-12-01,DEXJPUS,155.28
2025-12-02,DEXJPUS,155.92
2025-12-03,DEXJPUS,155.17
2025-12-04,DEXJPUS,154.9
2025-12-05,DEXJPUS,155.3
2025-12-08,DEXJPUS,155.89
2025-12-09,DEXJPUS,156.85
2025-12-10,DEXJPUS,156.33
2025-12-11,DEXJPUS,155.15
2025-12-12,DEXJPUS,155.81
2025-12-15,DEXJPUS,155.29
2025-12-16,DEXJPUS,154.8
2025-12-17,DEXJPUS,155.6
2025-12-18,DEXJPUS,155.53
2025-12-19,DEXJPUS,157.43
2025-12-22,DEXJPUS,156.93
2025-12-23,DEXJPUS,156.33
2025-12-24,DEXJPUS,155.83
2025-12-26,DEXJPUS,156.63
2025-12-29,DEXJPUS,156.1
2025-12-30,DEXJPUS,156.26
2025-12-31,DEXJPUS,156.8
2026-01-02,DEXJPUS,156.72
2026-01-05,DEXJPUS,156.32
2026-01-06,DEXJPUS,156.7
2026-01-07,DEXJPUS,156.73
2026-01-08,DEXJPUS,156.9
2026-01-09,DEXJPUS,158.07
2026-01-12,DEXJPUS,158.15
2026-01-13,DEXJPUS,159.06
2026-01-14,DEXJPUS,158.13
2026-01-15,DEXJPUS,158.5
2026-01-16,DEXJPUS,158.02
2026-01-20,DEXJPUS,157.89
2026-01-21,DEXJPUS,158.16
2026-01-22,DEXJPUS,158.36
2026-01-23,DEXJPUS,157.57
2026-01-26,DEXJPUS,153.88
2026-01-27,DEXJPUS,153.03
2026-01-28,DEXJPUS,153.6
2026-01-29,DEXJPUS,152.88
2026-01-30,DEXJPUS,154.34
2026-02-02,DEXJPUS,155.5
2026-02-03,DEXJPUS,155.7
2026-02-04,DEXJPUS,156.61
2026-02-05,DEXJPUS,156.91
2026-02-06,DEXJPUS,157.1
2026-02-09,DEXJPUS,156.08
2026-02-10,DEXJPUS,154.28
2026-02-11,DEXJPUS,152.93
2026-02-12,DEXJPUS,152.64
2026-02-13,DEXJPUS,152.77
2026-02-17,DEXJPUS,153.57
2026-02-18,DEXJPUS,154.45
2026-02-19,DEXJPUS,154.96
2026-02-20,DEXJPUS,154.99
2026-02-23,DEXJPUS,154.3
2026-02-24,DEXJPUS,155.66
2026-02-25,DEXJPUS,156.3
2026-02-26,DEXJPUS,156.13
2026-02-27,DEXJPUS,156.05
2026-03-02,DEXJPUS,157.48
2026-03-03,DEXJPUS,157.69
2026-03-04,DEXJPUS,156.93
2026-03-05,DEXJPUS,157.58
2026-03-06,DEXJPUS,157.64
2026-03-09,DEXJPUS,158.08
2026-03-10,DEXJPUS,157.6
2026-03-11,DEXJPUS,158.83
2026-03-12,DEXJPUS,159.21
2026-03-13,DEXJPUS,159.54
2026-03-16,DEXJPUS,159.3
2026-03-17,DEXJPUS,159.03
2026-03-18,DEXJPUS,159.48
2026-03-19,DEXJPUS,158.19
2026-03-20,DEXJPUS,159.26
2026-03-23,DEXJPUS,158.7
2026-03-24,DEXJPUS,158.9
2026-03-25,DEXJPUS,159.2
2026-03-26,DEXJPUS,159.65
2026-03-27,DEXJPUS,160.16
2026-03-30,DEXJPUS,159.49
2026-03-31,DEXJPUS,159.08
2026-04-01,DEXJPUS,158.63
2026-04-02,DEXJPUS,159.34
2026-04-03,DEXJPUS,159.64
2026-04-06,DEXJPUS,159.71
2026-04-07,DEXJPUS,159.9
2026-04-08,DEXJPUS,158.39
2026-04-09,DEXJPUS,158.87
2026-04-10,DEXJPUS,159.22
2026-04-13,DEXJPUS,159.74
2026-04-14,DEXJPUS,158.91
2026-04-15,DEXJPUS,159.02
2026-04-16,DEXJPUS,159.07
2026-04-17,DEXJPUS,158.1
2026-04-20,DEXJPUS,158.66
2026-04-21,DEXJPUS,159.39
2026-04-22,DEXJPUS,159.49
2026-04-23,DEXJPUS,159.44
2026-04-24,DEXJPUS,159.35
2026-04-27,DEXJPUS,159.29
2026-04-28,DEXJPUS,159.53
2026-04-29,DEXJPUS,160.23
2026-04-30,DEXJPUS,156.66
2026-05-01,DEXJPUS,156.76
2026-05-04,DEXJPUS,157.21
2026-05-05,DEXJPUS,157.68
2026-05-06,DEXJPUS,156.44
2026-05-07,DEXJPUS,156.48
2026-05-08,DEXJPUS,156.64
2026-05-11,DEXJPUS,157.04
2026-05-12,DEXJPUS,157.71
2026-05-13,DEXJPUS,157.84
2026-05-14,DEXJPUS,158.08
2026-05-15,DEXJPUS,158.69
2026-05-18,DEXJPUS,158.83
2026-05-19,DEXJPUS,159.11
2026-05-20,DEXJPUS,158.84
2026-05-21,DEXJPUS,159.16
2026-05-22,DEXJPUS,159.2
2026-05-26,DEXJPUS,159.36
2026-05-27,DEXJPUS,159.47
2026-05-28,DEXJPUS,159.29
2026-05-29,DEXJPUS,159.23
2026-06-01,DEXJPUS,159.66
2026-06-02,DEXJPUS,159.86
2026-06-03,DEXJPUS,159.97
2026-06-04,DEXJPUS,159.97
2026-06-05,DEXJPUS,160.26
2026-06-08,DEXJPUS,160.12
2026-06-09,DEXJPUS,160.23
2026-06-10,DEXJPUS,160.47
2026-06-11,DEXJPUS,160.51
2026-06-12,DEXJPUS,160.24
2026-06-15,DEXJPUS,160.2
2026-06-16,DEXJPUS,160.39
2026-06-17,DEXJPUS,160.22
2026-06-18,DEXJPUS,161.37
2026-06-22,DEXJPUS,161.51
2026-06-23,DEXJPUS,161.55
2026-06-24,DEXJPUS,161.76
2026-06-25,DEXJPUS,161.67
2026-06-26,DEXJPUS,161.67
2026-06-29,DEXJPUS,161.93
2026-06-30,DEXJPUS,162.61
2026-07-01,DEXJPUS,162.41
2026-07-02,DEXJPUS,160.9
2026-07-06,DEXJPUS,162.28
2026-07-07,DEXJPUS,161.91
2026-07-08,DEXJPUS,162.67
2026-07-09,DEXJPUS,162.29
2026-07-10,DEXJPUS,161.31
2026-07-13,DEXJPUS,162.32
2026-07-14,DEXJPUS,162.14
2026-07-15,DEXJPUS,162.13
2026-07-16,DEXJPUS,162.42
2026-07-17,DEXJPUS,162.43
2026-07-20,DEXJPUS,162.59
2026-07-21,DEXJPUS,163.01
2026-07-22,DEXJPUS,163.08
2026-07-23,DEXJPUS,163.8
2026-07-24,DEXJPUS,163.71
2026-07-27,DEXJPUS,163.71
2026-07-28,DEXJPUS,163.65
2026-07-29,DEXJPUS,163.86
2026-07-30,DEXJPUS,159.47
2026-07-31,DEXJPUS,159.16
2026-08-03,DEXJPUS,156.96
2026-08-04,DEXJPUS,157.44
2026-08-05,DEXJPUS,157.63
2026-08-06,DEXJPUS,158.45
2026-08-07,DEXJPUS,157.54
2026-08-10,DEXJPUS,158.9
2026-08-11,DEXJPUS,159.25
2026-08-12,DEXJPUS,159.23
2026-08-13,DEXJPUS,159.35
2026-08-14,DEXJPUS,159.21
2026-08-17,DEXJPUS,159.34
2026-08-18,DEXJPUS,159.58
2026-08-19,DEXJPUS,158.45
2026-08-20,DEXJPUS,158.85
2026-08-21,DEXJPUS,158.91
2026-08-24,DEXJPUS,159.17
2026-08-25,DEXJPUS,159.21
2026-08-26,DEXJPUS,159.36
2026-08-27,DEXJPUS,159.26
2026-08-28,DEXJPUS,159.97
2024-09-04,DEXUSAL,0.6724
2024-09-05,DEXUSAL,0.6727
2024-09-06,DEXUSAL,0.6678
2024-09-09,DEXUSAL,0.6664
2024-09-10,DEXUSAL,0.6652
2024-09-11,DEXUSAL,0.665
2024-09-12,DEXUSAL,0.6696
2024-09-13,DEXUSAL,0.6712
2024-09-16,DEXUSAL,0.6739
2024-09-17,DEXUSAL,0.6754
2024-09-18,DEXUSAL,0.6761
2024-09-19,DEXUSAL,0.6817
2024-09-20,DEXUSAL,0.6806
2024-09-23,DEXUSAL,0.6848
2024-09-24,DEXUSAL,0.6873
2024-09-25,DEXUSAL,0.6837
2024-09-26,DEXUSAL,0.6902
2024-09-27,DEXUSAL,0.6911
2024-09-30,DEXUSAL,0.6934
2024-10-01,DEXUSAL,0.6888
2024-10-02,DEXUSAL,0.6895
2024-10-03,DEXUSAL,0.6843
2024-10-04,DEXUSAL,0.6797
2024-10-07,DEXUSAL,0.6761
2024-10-08,DEXUSAL,0.6738
2024-10-09,DEXUSAL,0.6725
2024-10-10,DEXUSAL,0.6733
2024-10-11,DEXUSAL,0.6756
2024-10-15,DEXUSAL,0.6709
2024-10-16,DEXUSAL,0.6662
2024-10-17,DEXUSAL,0.6702
2024-10-18,DEXUSAL,0.67
2024-10-21,DEXUSAL,0.6661
2024-10-22,DEXUSAL,0.6679
2024-10-23,DEXUSAL,0.6632
2024-10-24,DEXUSAL,0.6629
2024-10-25,DEXUSAL,0.6621
2024-10-28,DEXUSAL,0.6587
2024-10-29,DEXUSAL,0.6557
2024-10-30,DEXUSAL,0.6584
2024-10-31,DEXUSAL,0.655
2024-11-01,DEXUSAL,0.6582
2024-11-04,DEXUSAL,0.6584
2024-11-05,DEXUSAL,0.6633
2024-11-06,DEXUSAL,0.6573
2024-11-07,DEXUSAL,0.6671
2024-11-08,DEXUSAL,0.6573
2024-11-12,DEXUSAL,0.6522
2024-11-13,DEXUSAL,0.6486
2024-11-14,DEXUSAL,0.6473
2024-11-15,DEXUSAL,0.6461
2024-11-18,DEXUSAL,0.6498
2024-11-19,DEXUSAL,0.6524
2024-11-20,DEXUSAL,0.6494
2024-11-21,DEXUSAL,0.6503
2024-11-22,DEXUSAL,0.6495
2024-11-25,DEXUSAL,0.6491
2024-11-26,DEXUSAL,0.6461
2024-11-27,DEXUSAL,0.6492
2024-11-29,DEXUSAL,0.6513
2024-12-02,DEXUSAL,0.6459
2024-12-03,DEXUSAL,0.6483
2024-12-04,DEXUSAL,0.6436
2024-12-05,DEXUSAL,0.6439
2024-12-06,DEXUSAL,0.6382
2024-12-09,DEXUSAL,0.6462
2024-12-10,DEXUSAL,0.6377
2024-12-11,DEXUSAL,0.6378
2024-12-12,DEXUSAL,0.6388
2024-12-13,DEXUSAL,0.6359
2024-12-16,DEXUSAL,0.6372
2024-12-17,DEXUSAL,0.6339
2024-12-18,DEXUSAL,0.6302
2024-12-19,DEXUSAL,0.6252
2024-12-20,DEXUSAL,0.6266
2024-12-23,DEXUSAL,0.6243
2024-12-24,DEXUSAL,0.623
2024-12-26,DEXUSAL,0.6227
2024-12-27,DEXUSAL,0.6208
2024-12-30,DEXUSAL,0.6219
2024-12-31,DEXUSAL,0.6185
2025-01-02,DEXUSAL,0.6208
2025-01-03,DEXUSAL,0.6209
2025-01-06,DEXUSAL,0.6251
2025-01-07,DEXUSAL,0.6245
2025-01-08,DEXUSAL,0.6217
2025-01-09,DEXUSAL,0.6196
2025-01-10,DEXUSAL,0.6147
2025-01-13,DEXUSAL,0.6155
2025-01-14,DEXUSAL,0.6184
2025-01-15,DEXUSAL,0.6218
2025-01-16,DEXUSAL,0.6221
2025-01-17,DEXUSAL,0.621
2025-01-21,DEXUSAL,0.6272
2025-01-22,DEXUSAL,0.6276
2025-01-23,DEXUSAL,0.6287
2025-01-24,DEXUSAL,0.6322
2025-01-27,DEXUSAL,0.628
2025-01-28,DEXUSAL,0.6247
2025-01-29,DEXUSAL,0.6228
2025-01-30,DEXUSAL,0.6233
2025-01-31,DEXUSAL,0.6242
2025-02-03,DEXUSAL,0.6177
2025-02-04,DEXUSAL,0.6257
2025-02-05,DEXUSAL,0.6296
2025-02-06,DEXUSAL,0.6279
2025-02-07,DEXUSAL,0.6264
2025-02-10,DEXUSAL,0.6279
2025-02-11,DEXUSAL,0.6294
2025-02-12,DEXUSAL,0.6285
2025-02-13,DEXUSAL,0.6292
2025-02-14,DEXUSAL,0.6359
2025-02-18,DEXUSAL,0.6353
2025-02-19,DEXUSAL,0.6341
2025-02-20,DEXUSAL,0.6393
2025-02-21,DEXUSAL,0.6376
2025-02-24,DEXUSAL,0.6361
2025-02-25,DEXUSAL,0.6332
2025-02-26,DEXUSAL,0.6323
2025-02-27,DEXUSAL,0.6256
2025-02-28,DEXUSAL,0.6211
2025-03-03,DEXUSAL,0.6249
2025-03-04,DEXUSAL,0.6212
2025-03-05,DEXUSAL,0.6312
2025-03-06,DEXUSAL,0.6348
2025-03-07,DEXUSAL,0.63
2025-03-10,DEXUSAL,0.6308
2025-03-11,DEXUSAL,0.6285
2025-03-12,DEXUSAL,0.6306
2025-03-13,DEXUSAL,0.6289
2025-03-14,DEXUSAL,0.6318
2025-03-17,DEXUSAL,0.6375
2025-03-18,DEXUSAL,0.6356
2025-03-19,DEXUSAL,0.6331
2025-03-20,DEXUSAL,0.6301
2025-03-21,DEXUSAL,0.6266
2025-03-24,DEXUSAL,0.6281
2025-03-25,DEXUSAL,0.6309
2025-03-26,DEXUSAL,0.6307
2025-03-27,DEXUSAL,0.6308
2025-03-28,DEXUSAL,0.63
2025-03-31,DEXUSAL,0.6236
2025-04-01,DEXUSAL,0.6278
2025-04-02,DEXUSAL,0.63
2025-04-03,DEXUSAL,0.6352
2025-04-04,DEXUSAL,0.6043
2025-04-07,DEXUSAL,0.598
2025-04-08,DEXUSAL,0.6015
2025-04-09,DEXUSAL,0.6003
2025-04-10,DEXUSAL,0.6192
2025-04-11,DEXUSAL,0.6245
2025-04-14,DEXUSAL,0.6312
2025-04-15,DEXUSAL,0.6358
2025-04-16,DEXUSAL,0.6389
2025-04-17,DEXUSAL,0.6382
2025-04-18,DEXUSAL,0.6375
2025-04-21,DEXUSAL,0.6412
2025-04-22,DEXUSAL,0.6391
2025-04-23,DEXUSAL,0.6376
2025-04-24,DEXUSAL,0.6396
2025-04-25,DEXUSAL,0.6396
2025-04-28,DEXUSAL,0.6413
2025-04-29,DEXUSAL,0.6385
2025-04-30,DEXUSAL,0.6399
2025-05-01,DEXUSAL,0.6373
2025-05-02,DEXUSAL,0.6447
2025-05-05,DEXUSAL,0.6472
2025-05-06,DEXUSAL,0.6489
2025-05-07,DEXUSAL,0.6462
2025-05-08,DEXUSAL,0.6416
2025-05-09,DEXUSAL,0.6425
2025-05-12,DEXUSAL,0.6369
2025-05-13,DEXUSAL,0.6472
2025-05-14,DEXUSAL,0.6448
2025-05-15,DEXUSAL,0.6403
2025-05-16,DEXUSAL,0.6395
2025-05-19,DEXUSAL,0.6458
2025-05-20,DEXUSAL,0.6405
2025-05-21,DEXUSAL,0.6468
2025-05-22,DEXUSAL,0.6417
2025-05-23,DEXUSAL,0.6478
2025-05-27,DEXUSAL,0.6437
2025-05-28,DEXUSAL,0.6417
2025-05-29,DEXUSAL,0.6443
2025-05-30,DEXUSAL,0.6434
2025-06-02,DEXUSAL,0.6493
2025-06-03,DEXUSAL,0.6462
2025-06-04,DEXUSAL,0.6499
2025-06-05,DEXUSAL,0.6517
2025-06-06,DEXUSAL,0.6496
2025-06-09,DEXUSAL,0.6526
2025-06-10,DEXUSAL,0.6523
2025-06-11,DEXUSAL,0.6521
2025-06-12,DEXUSAL,0.6525
2025-06-13,DEXUSAL,0.6513
2025-06-16,DEXUSAL,0.6536
2025-06-17,DEXUSAL,0.6515
2025-06-18,DEXUSAL,0.652
2025-06-20,DEXUSAL,0.6455
2025-06-23,DEXUSAL,0.6423
2025-06-24,DEXUSAL,0.6499
2025-06-25,DEXUSAL,0.6493
2025-06-26,DEXUSAL,0.6555
2025-06-27,DEXUSAL,0.6535
2025-06-30,DEXUSAL,0.6573
2025-07-01,DEXUSAL,0.6572
2025-07-02,DEXUSAL,0.6571
2025-07-03,DEXUSAL,0.6576
2025-07-07,DEXUSAL,0.6513
2025-07-08,DEXUSAL,0.6524
2025-07-09,DEXUSAL,0.6532
2025-07-10,DEXUSAL,0.6572
2025-07-11,DEXUSAL,0.6577
2025-07-14,DEXUSAL,0.655
2025-07-15,DEXUSAL,0.652
2025-07-16,DEXUSAL,0.6522
2025-07-17,DEXUSAL,0.6485
2025-07-18,DEXUSAL,0.6527
2025-07-21,DEXUSAL,0.6531
2025-07-22,DEXUSAL,0.6556
2025-07-23,DEXUSAL,0.659
2025-07-24,DEXUSAL,0.6601
2025-07-25,DEXUSAL,0.6556
2025-07-28,DEXUSAL,0.6519
2025-07-29,DEXUSAL,0.6509
2025-07-30,DEXUSAL,0.6452
2025-07-31,DEXUSAL,0.643
2025-08-01,DEXUSAL,0.6468
2025-08-04,DEXUSAL,0.6467
2025-08-05,DEXUSAL,0.6472
2025-08-06,DEXUSAL,0.6504
2025-08-07,DEXUSAL,0.6502
2025-08-08,DEXUSAL,0.6528
2025-08-11,DEXUSAL,0.6512
2025-08-12,DEXUSAL,0.6532
2025-08-13,DEXUSAL,0.6546
2025-08-14,DEXUSAL,0.649
2025-08-15,DEXUSAL,0.6515
2025-08-18,DEXUSAL,0.6494
2025-08-19,DEXUSAL,0.6459
2025-08-20,DEXUSAL,0.6428
2025-08-21,DEXUSAL,0.6421
2025-08-22,DEXUSAL,0.6485
2025-08-25,DEXUSAL,0.65
2025-08-26,DEXUSAL,0.65
2025-08-27,DEXUSAL,0.6496
2025-08-28,DEXUSAL,0.6532
2025-08-29,DEXUSAL,0.6545
2025-09-02,DEXUSAL,0.6516
2025-09-03,DEXUSAL,0.655
2025-09-04,DEXUSAL,0.6514
2025-09-05,DEXUSAL,0.657
2025-09-08,DEXUSAL,0.6592
2025-09-09,DEXUSAL,0.6593
2025-09-10,DEXUSAL,0.6626
2025-09-11,DEXUSAL,0.6658
2025-09-12,DEXUSAL,0.6636
2025-09-15,DEXUSAL,0.6671
2025-09-16,DEXUSAL,0.6678
2025-09-17,DEXUSAL,0.6668
2025-09-18,DEXUSAL,0.6613
2025-09-19,DEXUSAL,0.6597
2025-09-22,DEXUSAL,0.6591
2025-09-23,DEXUSAL,0.6601
2025-09-24,DEXUSAL,0.6587
2025-09-25,DEXUSAL,0.655
2025-09-26,DEXUSAL,0.6546
2025-09-29,DEXUSAL,0.6578
2025-09-30,DEXUSAL,0.6614
2025-10-01,DEXUSAL,0.6605
2025-10-02,DEXUSAL,0.6588
2025-10-03,DEXUSAL,0.6615
2025-10-06,DEXUSAL,0.662
2025-10-07,DEXUSAL,0.6587
2025-10-08,DEXUSAL,0.6582
2025-10-09,DEXUSAL,0.6556
2025-10-10,DEXUSAL,0.6495
2025-10-14,DEXUSAL,0.6492
2025-10-15,DEXUSAL,0.6514
2025-10-16,DEXUSAL,0.6492
2025-10-17,DEXUSAL,0.6486
2025-10-20,DEXUSAL,0.6517
2025-10-21,DEXUSAL,0.6499
2025-10-22,DEXUSAL,0.6502
2025-10-23,DEXUSAL,0.6516
2025-10-24,DEXUSAL,0.6511
2025-10-27,DEXUSAL,0.6554
2025-10-28,DEXUSAL,0.6585
2025-10-29,DEXUSAL,0.6613
2025-10-30,DEXUSAL,0.6555
2025-10-31,DEXUSAL,0.6546
2025-11-03,DEXUSAL,0.6537
2025-11-04,DEXUSAL,0.6502
2025-11-05,DEXUSAL,0.6512
2025-11-06,DEXUSAL,0.6468
2025-11-07,DEXUSAL,0.6476
2025-11-10,DEXUSAL,0.6522
2025-11-12,DEXUSAL,0.6541
2025-11-13,DEXUSAL,0.6553
2025-11-14,DEXUSAL,0.6549
2025-11-17,DEXUSAL,0.6516
2025-11-18,DEXUSAL,0.6505
2025-11-19,DEXUSAL,0.6468
2025-11-20,DEXUSAL,0.6448
2025-11-21,DEXUSAL,0.6457
2025-11-24,DEXUSAL,0.6456
2025-11-25,DEXUSAL,0.6453
2025-11-26,DEXUSAL,0.6516
2025-11-28,DEXUSAL,0.6552
2025-12-01,DEXUSAL,0.6554
2025-12-02,DEXUSAL,0.6556
2025-12-03,DEXUSAL,0.6592
2025-12-04,DEXUSAL,0.6619
2025-12-05,DEXUSAL,0.6635
2025-12-08,DEXUSAL,0.6622
2025-12-09,DEXUSAL,0.6653
2025-12-10,DEXUSAL,0.6642
2025-12-11,DEXUSAL,0.6671
2025-12-12,DEXUSAL,0.664
2025-12-15,DEXUSAL,0.6643
2025-12-16,DEXUSAL,0.6637
2025-12-17,DEXUSAL,0.6608
2025-12-18,DEXUSAL,0.6619
2025-12-19,DEXUSAL,0.6617
2025-12-22,DEXUSAL,0.6657
2025-12-23,DEXUSAL,0.6694
2025-12-24,DEXUSAL,0.6707
2025-12-26,DEXUSAL,0.671
2025-12-29,DEXUSAL,0.669
2025-12-30,DEXUSAL,0.6703
2025-12-31,DEXUSAL,0.6669
2026-01-02,DEXUSAL,0.6684
2026-01-05,DEXUSAL,0.6718
2026-01-06,DEXUSAL,0.6732
2026-01-07,DEXUSAL,0.6728
2026-01-08,DEXUSAL,0.6694
2026-01-09,DEXUSAL,0.6684
2026-01-12,DEXUSAL,0.6716
2026-01-13,DEXUSAL,0.6684
2026-01-14,DEXUSAL,0.6679
2026-01-15,DEXUSAL,0.6705
2026-01-16,DEXUSAL,0.6682
2026-01-20,DEXUSAL,0.6743
2026-01-21,DEXUSAL,0.6765
2026-01-22,DEXUSAL,0.6834
2026-01-23,DEXUSAL,0.6878
2026-01-26,DEXUSAL,0.6933
2026-01-27,DEXUSAL,0.6978
2026-01-28,DEXUSAL,0.6993
2026-01-29,DEXUSAL,0.701
2026-01-30,DEXUSAL,0.6995
2026-02-02,DEXUSAL,0.696
2026-02-03,DEXUSAL,0.7019
2026-02-04,DEXUSAL,0.6996
2026-02-05,DEXUSAL,0.6974
2026-02-06,DEXUSAL,0.7014
2026-02-09,DEXUSAL,0.7087
2026-02-10,DEXUSAL,0.7072
2026-02-11,DEXUSAL,0.7129
2026-02-12,DEXUSAL,0.7097
2026-02-13,DEXUSAL,0.7068
2026-02-17,DEXUSAL,0.7064
2026-02-18,DEXUSAL,0.7065
2026-02-19,DEXUSAL,0.705
2026-02-20,DEXUSAL,0.7082
2026-02-23,DEXUSAL,0.7061
2026-02-24,DEXUSAL,0.7067
2026-02-25,DEXUSAL,0.7116
2026-02-26,DEXUSAL,0.7092
2026-02-27,DEXUSAL,0.7121
2026-03-02,DEXUSAL,0.7067
2026-03-03,DEXUSAL,0.7026
2026-03-04,DEXUSAL,0.7072
2026-03-05,DEXUSAL,0.7005
2026-03-06,DEXUSAL,0.7022
2026-03-09,DEXUSAL,0.7046
2026-03-10,DEXUSAL,0.715
2026-03-11,DEXUSAL,0.715
2026-03-12,DEXUSAL,0.7089
2026-03-13,DEXUSAL,0.7004
2026-03-16,DEXUSAL,0.7055
2026-03-17,DEXUSAL,0.71
2026-03-18,DEXUSAL,0.7078
2026-03-19,DEXUSAL,0.7036
2026-03-20,DEXUSAL,0.7033
2026-03-23,DEXUSAL,0.6995
2026-03-24,DEXUSAL,0.6965
2026-03-25,DEXUSAL,0.6962
2026-03-26,DEXUSAL,0.6913
2026-03-27,DEXUSAL,0.689
2026-03-30,DEXUSAL,0.6858
2026-03-31,DEXUSAL,0.6855
2026-04-01,DEXUSAL,0.6944
2026-04-02,DEXUSAL,0.6911
2026-04-03,DEXUSAL,0.6894
2026-04-06,DEXUSAL,0.6919
2026-04-07,DEXUSAL,0.6944
2026-04-08,DEXUSAL,0.7062
2026-04-09,DEXUSAL,0.7086
2026-04-10,DEXUSAL,0.7078
2026-04-13,DEXUSAL,0.7063
2026-04-14,DEXUSAL,0.7131
2026-04-15,DEXUSAL,0.7161
2026-04-16,DEXUSAL,0.717
2026-04-17,DEXUSAL,0.7192
2026-04-20,DEXUSAL,0.7175
2026-04-21,DEXUSAL,0.7164
2026-04-22,DEXUSAL,0.7162
2026-04-23,DEXUSAL,0.7156
2026-04-24,DEXUSAL,0.7154
2026-04-27,DEXUSAL,0.7193
2026-04-28,DEXUSAL,0.7181
2026-04-29,DEXUSAL,0.713
2026-04-30,DEXUSAL,0.7184
2026-05-01,DEXUSAL,0.7219
2026-05-04,DEXUSAL,0.7167
2026-05-05,DEXUSAL,0.7196
2026-05-06,DEXUSAL,0.7235
2026-05-07,DEXUSAL,0.7241
2026-05-08,DEXUSAL,0.7242
2026-05-11,DEXUSAL,0.7259
2026-05-12,DEXUSAL,0.7224
2026-05-13,DEXUSAL,0.7263
2026-05-14,DEXUSAL,0.7225
2026-05-15,DEXUSAL,0.7151
2026-05-18,DEXUSAL,0.716
2026-05-19,DEXUSAL,0.7101
2026-05-20,DEXUSAL,0.7152
2026-05-21,DEXUSAL,0.7134
2026-05-22,DEXUSAL,0.7132
2026-05-26,DEXUSAL,0.7162
2026-05-27,DEXUSAL,0.7137
2026-05-28,DEXUSAL,0.7159
2026-05-29,DEXUSAL,0.7191
2026-06-01,DEXUSAL,0.7153
2026-06-02,DEXUSAL,0.7186
2026-06-03,DEXUSAL,0.7139
2026-06-04,DEXUSAL,0.7143
2026-06-05,DEXUSAL,0.706
2026-06-08,DEXUSAL,0.7055
2026-06-09,DEXUSAL,0.7028
2026-06-10,DEXUSAL,0.7022
2026-06-11,DEXUSAL,0.6995
2026-06-12,DEXUSAL,0.7047
2026-06-15,DEXUSAL,0.7081
2026-06-16,DEXUSAL,0.7077
2026-06-17,DEXUSAL,0.7073
2026-06-18,DEXUSAL,0.7019
2026-06-22,DEXUSAL,0.7
2026-06-23,DEXUSAL,0.6926
2026-06-24,DEXUSAL,0.6895
2026-06-25,DEXUSAL,0.6922
2026-06-26,DEXUSAL,0.6907
2026-06-29,DEXUSAL,0.6885
2026-06-30,DEXUSAL,0.6915
2026-07-01,DEXUSAL,0.6903
2026-07-02,DEXUSAL,0.6931
2026-07-06,DEXUSAL,0.6944
2026-07-07,DEXUSAL,0.6935
2026-07-08,DEXUSAL,0.6911
2026-07-09,DEXUSAL,0.6944
2026-07-10,DEXUSAL,0.6959
2026-07-13,DEXUSAL,0.6935
2026-07-14,DEXUSAL,0.6974
2026-07-15,DEXUSAL,0.6999
2026-07-16,DEXUSAL,0.7004
2026-07-17,DEXUSAL,0.6985
2026-07-20,DEXUSAL,0.7004
2026-07-21,DEXUSAL,0.7008
2026-07-22,DEXUSAL,0.7
2026-07-23,DEXUSAL,0.6975
2026-07-24,DEXUSAL,0.6996
2026-07-27,DEXUSAL,0.6993
2026-07-28,DEXUSAL,0.6984
2026-07-29,DEXUSAL,0.693
2026-07-30,DEXUSAL,0.7022
2026-07-31,DEXUSAL,0.7026
2026-08-03,DEXUSAL,0.7001
2026-08-04,DEXUSAL,0.7038
2026-08-05,DEXUSAL,0.7051
2026-08-06,DEXUSAL,0.7028
2026-08-07,DEXUSAL,0.7064
2026-08-10,DEXUSAL,0.7066
2026-08-11,DEXUSAL,0.7062
2026-08-12,DEXUSAL,0.707
2026-08-13,DEXUSAL,0.7058
2026-08-14,DEXUSAL,0.7091
2026-08-17,DEXUSAL,0.7113
2026-08-18,DEXUSAL,0.7097
2026-08-19,DEXUSAL,0.7123
2026-08-20,DEXUSAL,0.712
2026-08-21,DEXUSAL,0.7178
2026-08-24,DEXUSAL,0.7151
2026-08-25,DEXUSAL,0.716
2026-08-26,DEXUSAL,0.7169
2026-08-27,DEXUSAL,0.7198
2026-08-28,DEXUSAL,0.7166
2024-09-04,DEXSZUS,0.8482
2024-09-05,DEXSZUS,0.8453
2024-09-06,DEXSZUS,0.8428
2024-09-09,DEXSZUS,0.848
2024-09-10,DEXSZUS,0.8459
2024-09-11,DEXSZUS,0.8505
2024-09-12,DEXSZUS,0.8527
2024-09-13,DEXSZUS,0.8479
2024-09-16,DEXSZUS,0.8453
2024-09-17,DEXSZUS,0.847
2024-09-18,DEXSZUS,0.8459
2024-09-19,DEXSZUS,0.8478
2024-09-20,DEXSZUS,0.8496
2024-09-23,DEXSZUS,0.8475
2024-09-24,DEXSZUS,0.8459
2024-09-25,DEXSZUS,0.8495
2024-09-26,DEXSZUS,0.8463
2024-09-27,DEXSZUS,0.8424
2024-09-30,DEXSZUS,0.8444
2024-10-01,DEXSZUS,0.8458
2024-10-02,DEXSZUS,0.8495
2024-10-03,DEXSZUS,0.854
2024-10-04,DEXSZUS,0.8589
2024-10-07,DEXSZUS,0.8555
2024-10-08,DEXSZUS,0.8576
2024-10-09,DEXSZUS,0.8595
2024-10-10,DEXSZUS,0.8573
2024-10-11,DEXSZUS,0.8574
2024-10-15,DEXSZUS,0.8621
2024-10-16,DEXSZUS,0.8642
2024-10-17,DEXSZUS,0.8654
2024-10-18,DEXSZUS,0.8659
2024-10-21,DEXSZUS,0.8658
2024-10-22,DEXSZUS,0.8654
2024-10-23,DEXSZUS,0.8665
2024-10-24,DEXSZUS,0.8668
2024-10-25,DEXSZUS,0.8664
2024-10-28,DEXSZUS,0.8659
2024-10-29,DEXSZUS,0.8684
2024-10-30,DEXSZUS,0.8664
2024-10-31,DEXSZUS,0.8648
2024-11-01,DEXSZUS,0.8704
2024-11-04,DEXSZUS,0.8632
2024-11-05,DEXSZUS,0.8635
2024-11-06,DEXSZUS,0.8761
2024-11-07,DEXSZUS,0.8724
2024-11-08,DEXSZUS,0.8755
2024-11-12,DEXSZUS,0.8827
2024-11-13,DEXSZUS,0.885
2024-11-14,DEXSZUS,0.8878
2024-11-15,DEXSZUS,0.8878
2024-11-18,DEXSZUS,0.885
2024-11-19,DEXSZUS,0.8824
2024-11-20,DEXSZUS,0.8855
2024-11-21,DEXSZUS,0.8866
2024-11-22,DEXSZUS,0.8946
2024-11-25,DEXSZUS,0.8874
2024-11-26,DEXSZUS,0.8876
2024-11-27,DEXSZUS,0.8806
2024-11-29,DEXSZUS,0.8822
2024-12-02,DEXSZUS,0.8866
2024-12-03,DEXSZUS,0.8852
2024-12-04,DEXSZUS,0.8835
2024-12-05,DEXSZUS,0.8794
2024-12-06,DEXSZUS,0.8776
2024-12-09,DEXSZUS,0.8774
2024-12-10,DEXSZUS,0.8823
2024-12-11,DEXSZUS,0.883
2024-12-12,DEXSZUS,0.8879
2024-12-13,DEXSZUS,0.8929
2024-12-16,DEXSZUS,0.8934
2024-12-17,DEXSZUS,0.893
2024-12-18,DEXSZUS,0.8937
2024-12-19,DEXSZUS,0.8994
2024-12-20,DEXSZUS,0.8928
2024-12-23,DEXSZUS,0.8991
2024-12-24,DEXSZUS,0.9009
2024-12-26,DEXSZUS,0.9
2024-12-27,DEXSZUS,0.9018
2024-12-30,DEXSZUS,0.9066
2024-12-31,DEXSZUS,0.9068
2025-01-02,DEXSZUS,0.9124
2025-01-03,DEXSZUS,0.9096
2025-01-06,DEXSZUS,0.9043
2025-01-07,DEXSZUS,0.9076
2025-01-08,DEXSZUS,0.9107
2025-01-09,DEXSZUS,0.9124
2025-01-10,DEXSZUS,0.9172
2025-01-13,DEXSZUS,0.9192
2025-01-14,DEXSZUS,0.9139
2025-01-15,DEXSZUS,0.9129
2025-01-16,DEXSZUS,0.911
2025-01-17,DEXSZUS,0.9148
2025-01-21,DEXSZUS,0.9069
2025-01-22,DEXSZUS,0.907
2025-01-23,DEXSZUS,0.9072
2025-01-24,DEXSZUS,0.9044
2025-01-27,DEXSZUS,0.9006
2025-01-28,DEXSZUS,0.9051
2025-01-29,DEXSZUS,0.9077
2025-01-30,DEXSZUS,0.9085
2025-01-31,DEXSZUS,0.9088
2025-02-03,DEXSZUS,0.9139
2025-02-04,DEXSZUS,0.9058
2025-02-05,DEXSZUS,0.9009
2025-02-06,DEXSZUS,0.9055
2025-02-07,DEXSZUS,0.9101
2025-02-10,DEXSZUS,0.911
2025-02-11,DEXSZUS,0.9133
2025-02-12,DEXSZUS,0.913
2025-02-13,DEXSZUS,0.9048
2025-02-14,DEXSZUS,0.8983
2025-02-18,DEXSZUS,0.9023
2025-02-19,DEXSZUS,0.9054
2025-02-20,DEXSZUS,0.8993
2025-02-21,DEXSZUS,0.899
2025-02-24,DEXSZUS,0.8966
2025-02-25,DEXSZUS,0.8928
2025-02-26,DEXSZUS,0.8931
2025-02-27,DEXSZUS,0.8981
2025-02-28,DEXSZUS,0.9019
2025-03-03,DEXSZUS,0.8972
2025-03-04,DEXSZUS,0.89
2025-03-05,DEXSZUS,0.89
2025-03-06,DEXSZUS,0.8841
2025-03-07,DEXSZUS,0.8774
2025-03-10,DEXSZUS,0.8813
2025-03-11,DEXSZUS,0.88
2025-03-12,DEXSZUS,0.8827
2025-03-13,DEXSZUS,0.8849
2025-03-14,DEXSZUS,0.8855
2025-03-17,DEXSZUS,0.8812
2025-03-18,DEXSZUS,0.8773
2025-03-19,DEXSZUS,0.88
2025-03-20,DEXSZUS,0.8826
2025-03-21,DEXSZUS,0.8834
2025-03-24,DEXSZUS,0.8842
2025-03-25,DEXSZUS,0.8819
2025-03-26,DEXSZUS,0.8839
2025-03-27,DEXSZUS,0.8818
2025-03-28,DEXSZUS,0.8809
2025-03-31,DEXSZUS,0.8843
2025-04-01,DEXSZUS,0.8827
2025-04-02,DEXSZUS,0.8819
2025-04-03,DEXSZUS,0.859
2025-04-04,DEXSZUS,0.8547
2025-04-07,DEXSZUS,0.8597
2025-04-08,DEXSZUS,0.856
2025-04-09,DEXSZUS,0.8413
2025-04-10,DEXSZUS,0.8283
2025-04-11,DEXSZUS,0.8153
2025-04-14,DEXSZUS,0.8139
2025-04-15,DEXSZUS,0.8209
2025-04-16,DEXSZUS,0.8142
2025-04-17,DEXSZUS,0.8203
2025-04-18,DEXSZUS,0.8174
2025-04-21,DEXSZUS,0.8069
2025-04-22,DEXSZUS,0.815
2025-04-23,DEXSZUS,0.8271
2025-04-24,DEXSZUS,0.8271
2025-04-25,DEXSZUS,0.8285
2025-04-28,DEXSZUS,0.8254
2025-04-29,DEXSZUS,0.8241
2025-04-30,DEXSZUS,0.8227
2025-05-01,DEXSZUS,0.8321
2025-05-02,DEXSZUS,0.8262
2025-05-05,DEXSZUS,0.8239
2025-05-06,DEXSZUS,0.8242
2025-05-07,DEXSZUS,0.8215
2025-05-08,DEXSZUS,0.8291
2025-05-09,DEXSZUS,0.8298
2025-05-12,DEXSZUS,0.8427
2025-05-13,DEXSZUS,0.8412
2025-05-14,DEXSZUS,0.8397
2025-05-15,DEXSZUS,0.8359
2025-05-16,DEXSZUS,0.8396
2025-05-19,DEXSZUS,0.8342
2025-05-20,DEXSZUS,0.8321
2025-05-21,DEXSZUS,0.8251
2025-05-22,DEXSZUS,0.8291
2025-05-23,DEXSZUS,0.8214
2025-05-27,DEXSZUS,0.8278
2025-05-28,DEXSZUS,0.8276
2025-05-29,DEXSZUS,0.8227
2025-05-30,DEXSZUS,0.8229
2025-06-02,DEXSZUS,0.8173
2025-06-03,DEXSZUS,0.8242
2025-06-04,DEXSZUS,0.8183
2025-06-05,DEXSZUS,0.821
2025-06-06,DEXSZUS,0.822
2025-06-09,DEXSZUS,0.8205
2025-06-10,DEXSZUS,0.8219
2025-06-11,DEXSZUS,0.8195
2025-06-12,DEXSZUS,0.8125
2025-06-13,DEXSZUS,0.8116
2025-06-16,DEXSZUS,0.8115
2025-06-17,DEXSZUS,0.8141
2025-06-18,DEXSZUS,0.8174
2025-06-20,DEXSZUS,0.8175
2025-06-23,DEXSZUS,0.8133
2025-06-24,DEXSZUS,0.8049
2025-06-25,DEXSZUS,0.8057
2025-06-26,DEXSZUS,0.799
2025-06-27,DEXSZUS,0.7989
2025-06-30,DEXSZUS,0.7938
2025-07-01,DEXSZUS,0.7929
2025-07-02,DEXSZUS,0.7921
2025-07-03,DEXSZUS,0.7951
2025-07-07,DEXSZUS,0.7969
2025-07-08,DEXSZUS,0.7971
2025-07-09,DEXSZUS,0.7957
2025-07-10,DEXSZUS,0.7971
2025-07-11,DEXSZUS,0.7962
2025-07-14,DEXSZUS,0.7977
2025-07-15,DEXSZUS,0.8004
2025-07-16,DEXSZUS,0.8014
2025-07-17,DEXSZUS,0.8043
2025-07-18,DEXSZUS,0.8001
2025-07-21,DEXSZUS,0.7973
2025-07-22,DEXSZUS,0.7926
2025-07-23,DEXSZUS,0.7936
2025-07-24,DEXSZUS,0.7957
2025-07-25,DEXSZUS,0.7965
2025-07-28,DEXSZUS,0.8025
2025-07-29,DEXSZUS,0.8071
2025-07-30,DEXSZUS,0.8111
2025-07-31,DEXSZUS,0.8123
2025-08-01,DEXSZUS,0.8068
2025-08-04,DEXSZUS,0.8083
2025-08-05,DEXSZUS,0.8071
2025-08-06,DEXSZUS,0.8052
2025-08-07,DEXSZUS,0.8074
2025-08-08,DEXSZUS,0.8073
2025-08-11,DEXSZUS,0.8126
2025-08-12,DEXSZUS,0.8081
2025-08-13,DEXSZUS,0.8043
2025-08-14,DEXSZUS,0.8078
2025-08-15,DEXSZUS,0.8061
2025-08-18,DEXSZUS,0.8068
2025-08-19,DEXSZUS,0.807
2025-08-20,DEXSZUS,0.8044
2025-08-21,DEXSZUS,0.8085
2025-08-22,DEXSZUS,0.8016
2025-08-25,DEXSZUS,0.8034
2025-08-26,DEXSZUS,0.8031
2025-08-27,DEXSZUS,0.8037
2025-08-28,DEXSZUS,0.8017
2025-08-29,DEXSZUS,0.7996
2025-09-02,DEXSZUS,0.8033
2025-09-03,DEXSZUS,0.8032
2025-09-04,DEXSZUS,0.8059
2025-09-05,DEXSZUS,0.7958
2025-09-08,DEXSZUS,0.7935
2025-09-09,DEXSZUS,0.7961
2025-09-10,DEXSZUS,0.7979
2025-09-11,DEXSZUS,0.7961
2025-09-12,DEXSZUS,0.7975
2025-09-15,DEXSZUS,0.7938
2025-09-16,DEXSZUS,0.7877
2025-09-17,DEXSZUS,0.7871
2025-09-18,DEXSZUS,0.7927
2025-09-19,DEXSZUS,0.7949
2025-09-22,DEXSZUS,0.7935
2025-09-23,DEXSZUS,0.7922
2025-09-24,DEXSZUS,0.7951
2025-09-25,DEXSZUS,0.8006
2025-09-26,DEXSZUS,0.7985
2025-09-29,DEXSZUS,0.797
2025-09-30,DEXSZUS,0.7966
2025-10-01,DEXSZUS,0.7984
2025-10-02,DEXSZUS,0.7994
2025-10-03,DEXSZUS,0.7949
2025-10-06,DEXSZUS,0.7954
2025-10-07,DEXSZUS,0.797
2025-10-08,DEXSZUS,0.802
2025-10-09,DEXSZUS,0.8059
2025-10-10,DEXSZUS,0.8015
2025-10-14,DEXSZUS,0.801
2025-10-15,DEXSZUS,0.7972
2025-10-16,DEXSZUS,0.7957
2025-10-17,DEXSZUS,0.7919
2025-10-20,DEXSZUS,0.7918
2025-10-21,DEXSZUS,0.795
2025-10-22,DEXSZUS,0.7958
2025-10-23,DEXSZUS,0.7956
2025-10-24,DEXSZUS,0.7958
2025-10-27,DEXSZUS,0.7965
2025-10-28,DEXSZUS,0.7927
2025-10-29,DEXSZUS,0.7958
2025-10-30,DEXSZUS,0.802
2025-10-31,DEXSZUS,0.8027
2025-11-03,DEXSZUS,0.8073
2025-11-04,DEXSZUS,0.8091
2025-11-05,DEXSZUS,0.8107
2025-11-06,DEXSZUS,0.8069
2025-11-07,DEXSZUS,0.804
2025-11-10,DEXSZUS,0.8062
2025-11-12,DEXSZUS,0.7972
2025-11-13,DEXSZUS,0.7917
2025-11-14,DEXSZUS,0.7933
2025-11-17,DEXSZUS,0.7956
2025-11-18,DEXSZUS,0.7996
2025-11-19,DEXSZUS,0.8046
2025-11-20,DEXSZUS,0.8054
2025-11-21,DEXSZUS,0.8087
2025-11-24,DEXSZUS,0.8084
2025-11-25,DEXSZUS,0.8091
2025-11-26,DEXSZUS,0.8048
2025-11-28,DEXSZUS,0.8036
2025-12-01,DEXSZUS,0.8035
2025-12-02,DEXSZUS,0.8046
2025-12-03,DEXSZUS,0.8004
2025-12-04,DEXSZUS,0.8022
2025-12-05,DEXSZUS,0.805
2025-12-08,DEXSZUS,0.8078
2025-12-09,DEXSZUS,0.8061
2025-12-10,DEXSZUS,0.8027
2025-12-11,DEXSZUS,0.7932
2025-12-12,DEXSZUS,0.796
2025-12-15,DEXSZUS,0.7963
2025-12-16,DEXSZUS,0.7949
2025-12-17,DEXSZUS,0.7948
2025-12-18,DEXSZUS,0.7942
2025-12-19,DEXSZUS,0.795
2025-12-22,DEXSZUS,0.7925
2025-12-23,DEXSZUS,0.7897
2025-12-24,DEXSZUS,0.7887
2025-12-26,DEXSZUS,0.79
2025-12-29,DEXSZUS,0.7899
2025-12-30,DEXSZUS,0.7907
2025-12-31,DEXSZUS,0.7936
2026-01-02,DEXSZUS,0.7918
2026-01-05,DEXSZUS,0.7924
2026-01-06,DEXSZUS,0.7954
2026-01-07,DEXSZUS,0.7967
2026-01-08,DEXSZUS,0.7993
2026-01-09,DEXSZUS,0.8012
2026-01-12,DEXSZUS,0.7972
2026-01-13,DEXSZUS,0.8005
2026-01-14,DEXSZUS,0.7987
2026-01-15,DEXSZUS,0.803
2026-01-16,DEXSZUS,0.8026
2026-01-20,DEXSZUS,0.7891
2026-01-21,DEXSZUS,0.7929
2026-01-22,DEXSZUS,0.7905
2026-01-23,DEXSZUS,0.7879
2026-01-26,DEXSZUS,0.7753
2026-01-27,DEXSZUS,0.7666
2026-01-28,DEXSZUS,0.7694
2026-01-29,DEXSZUS,0.7674
2026-01-30,DEXSZUS,0.771
2026-02-02,DEXSZUS,0.7797
2026-02-03,DEXSZUS,0.7749
2026-02-04,DEXSZUS,0.7767
2026-02-05,DEXSZUS,0.7772
2026-02-06,DEXSZUS,0.7758
2026-02-09,DEXSZUS,0.7679
2026-02-10,DEXSZUS,0.7668
2026-02-11,DEXSZUS,0.77
2026-02-12,DEXSZUS,0.7693
2026-02-13,DEXSZUS,0.7685
2026-02-17,DEXSZUS,0.7718
2026-02-18,DEXSZUS,0.7723
2026-02-19,DEXSZUS,0.7758
2026-02-20,DEXSZUS,0.7756
2026-02-23,DEXSZUS,0.7734
2026-02-24,DEXSZUS,0.7734
2026-02-25,DEXSZUS,0.7728
2026-02-26,DEXSZUS,0.7738
2026-02-27,DEXSZUS,0.7686
2026-03-02,DEXSZUS,0.7797
2026-03-03,DEXSZUS,0.7828
2026-03-04,DEXSZUS,0.7798
2026-03-05,DEXSZUS,0.7819
2026-03-06,DEXSZUS,0.7778
2026-03-09,DEXSZUS,0.7787
2026-03-10,DEXSZUS,0.7753
2026-03-11,DEXSZUS,0.7806
2026-03-12,DEXSZUS,0.7844
2026-03-13,DEXSZUS,0.7898
2026-03-16,DEXSZUS,0.7887
2026-03-17,DEXSZUS,0.7857
2026-03-18,DEXSZUS,0.7892
2026-03-19,DEXSZUS,0.7924
2026-03-20,DEXSZUS,0.789
2026-03-23,DEXSZUS,0.7878
2026-03-24,DEXSZUS,0.7914
2026-03-25,DEXSZUS,0.7918
2026-03-26,DEXSZUS,0.7935
2026-03-27,DEXSZUS,0.797
2026-03-30,DEXSZUS,0.8001
2026-03-31,DEXSZUS,0.8027
2026-04-01,DEXSZUS,0.7933
2026-04-02,DEXSZUS,0.7985
2026-04-03,DEXSZUS,0.7999
2026-04-06,DEXSZUS,0.7979
2026-04-07,DEXSZUS,0.7997
2026-04-08,DEXSZUS,0.7899
2026-04-09,DEXSZUS,0.7889
2026-04-10,DEXSZUS,0.7893
2026-04-13,DEXSZUS,0.7876
2026-04-14,DEXSZUS,0.781
2026-04-15,DEXSZUS,0.7815
2026-04-16,DEXSZUS,0.7833
2026-04-17,DEXSZUS,0.7795
2026-04-20,DEXSZUS,0.7782
2026-04-21,DEXSZUS,0.78
2026-04-22,DEXSZUS,0.7835
2026-04-23,DEXSZUS,0.7843
2026-04-24,DEXSZUS,0.7848
2026-04-27,DEXSZUS,0.7845
2026-04-28,DEXSZUS,0.7888
2026-04-29,DEXSZUS,0.7902
2026-04-30,DEXSZUS,0.7824
2026-05-01,DEXSZUS,0.7796
2026-05-04,DEXSZUS,0.7835
2026-05-05,DEXSZUS,0.7822
2026-05-06,DEXSZUS,0.7793
2026-05-07,DEXSZUS,0.7777
2026-05-08,DEXSZUS,0.7773
2026-05-11,DEXSZUS,0.7773
2026-05-12,DEXSZUS,0.7817
2026-05-13,DEXSZUS,0.7825
2026-05-14,DEXSZUS,0.783
2026-05-15,DEXSZUS,0.7868
2026-05-18,DEXSZUS,0.7856
2026-05-19,DEXSZUS,0.7897
2026-05-20,DEXSZUS,0.7876
2026-05-21,DEXSZUS,0.7893
2026-05-22,DEXSZUS,0.7857
2026-05-26,DEXSZUS,0.786
2026-05-27,DEXSZUS,0.7871
2026-05-28,DEXSZUS,0.7845
2026-05-29,DEXSZUS,0.7811
2026-06-01,DEXSZUS,0.7868
2026-06-02,DEXSZUS,0.7858
2026-06-03,DEXSZUS,0.7908
2026-06-04,DEXSZUS,0.7885
2026-06-05,DEXSZUS,0.7955
2026-06-08,DEXSZUS,0.7972
2026-06-09,DEXSZUS,0.7971
2026-06-10,DEXSZUS,0.7984
2026-06-11,DEXSZUS,0.8007
2026-06-12,DEXSZUS,0.7964
2026-06-15,DEXSZUS,0.7937
2026-06-16,DEXSZUS,0.7928
2026-06-17,DEXSZUS,0.793
2026-06-18,DEXSZUS,0.804
2026-06-22,DEXSZUS,0.8091
2026-06-23,DEXSZUS,0.8097
2026-06-24,DEXSZUS,0.8126
2026-06-25,DEXSZUS,0.8093
2026-06-26,DEXSZUS,0.8082
2026-06-29,DEXSZUS,0.8081
2026-06-30,DEXSZUS,0.8082
2026-07-01,DEXSZUS,0.8086
2026-07-02,DEXSZUS,0.8022
2026-07-06,DEXSZUS,0.8063
2026-07-07,DEXSZUS,0.8069
2026-07-08,DEXSZUS,0.8105
2026-07-09,DEXSZUS,0.8063
2026-07-10,DEXSZUS,0.8063
2026-07-13,DEXSZUS,0.8123
2026-07-14,DEXSZUS,0.8091
2026-07-15,DEXSZUS,0.8067
2026-07-16,DEXSZUS,0.8079
2026-07-17,DEXSZUS,0.8069
2026-07-20,DEXSZUS,0.8104
2026-07-21,DEXSZUS,0.8122
2026-07-22,DEXSZUS,0.8134
2026-07-23,DEXSZUS,0.8172
2026-07-24,DEXSZUS,0.8168
2026-07-27,DEXSZUS,0.8187
2026-07-28,DEXSZUS,0.817
2026-07-29,DEXSZUS,0.8199
2026-07-30,DEXSZUS,0.8056
2026-07-31,DEXSZUS,0.8081
2026-08-03,DEXSZUS,0.8104
2026-08-04,DEXSZUS,0.8092
2026-08-05,DEXSZUS,0.8075
2026-08-06,DEXSZUS,0.8129
2026-08-07,DEXSZUS,0.8078
2026-08-10,DEXSZUS,0.8089
2026-08-11,DEXSZUS,0.8109
2026-08-12,DEXSZUS,0.8117
2026-08-13,DEXSZUS,0.813
2026-08-14,DEXSZUS,0.8116
2026-08-17,DEXSZUS,0.8096
2026-08-18,DEXSZUS,0.8121
2026-08-19,DEXSZUS,0.7998
2026-08-20,DEXSZUS,0.7998
2026-08-21,DEXSZUS,0.8008
2026-08-24,DEXSZUS,0.8024
2026-08-25,DEXSZUS,0.8024
2026-08-26,DEXSZUS,0.8054
2026-08-27,DEXSZUS,0.8036
2026-08-28,DEXSZUS,0.8085
2024-09-04,DEXCAUS,1.3519
2024-09-05,DEXCAUS,1.3515
2024-09-06,DEXCAUS,1.3561
2024-09-09,DEXCAUS,1.356
2024-09-10,DEXCAUS,1.3607
2024-09-11,DEXCAUS,1.3595
2024-09-12,DEXCAUS,1.3595
2024-09-13,DEXCAUS,1.3581
2024-09-16,DEXCAUS,1.3599
2024-09-17,DEXCAUS,1.3598
2024-09-18,DEXCAUS,1.3607
2024-09-19,DEXCAUS,1.356
2024-09-20,DEXCAUS,1.3565
2024-09-23,DEXCAUS,1.3502
2024-09-24,DEXCAUS,1.347
2024-09-25,DEXCAUS,1.3466
2024-09-26,DEXCAUS,1.3466
2024-09-27,DEXCAUS,1.3504
2024-09-30,DEXCAUS,1.3511
2024-10-01,DEXCAUS,1.3492
2024-10-02,DEXCAUS,1.3485
2024-10-03,DEXCAUS,1.3533
2024-10-04,DEXCAUS,1.3578
2024-10-07,DEXCAUS,1.3608
2024-10-08,DEXCAUS,1.3662
2024-10-09,DEXCAUS,1.3682
2024-10-10,DEXCAUS,1.3752
2024-10-11,DEXCAUS,1.3768
2024-10-15,DEXCAUS,1.3803
2024-10-16,DEXCAUS,1.3772
2024-10-17,DEXCAUS,1.3791
2024-10-18,DEXCAUS,1.3804
2024-10-21,DEXCAUS,1.3847
2024-10-22,DEXCAUS,1.383
2024-10-23,DEXCAUS,1.3838
2024-10-24,DEXCAUS,1.3858
2024-10-25,DEXCAUS,1.3882
2024-10-28,DEXCAUS,1.3903
2024-10-29,DEXCAUS,1.3909
2024-10-30,DEXCAUS,1.3911
2024-10-31,DEXCAUS,1.3939
2024-11-01,DEXCAUS,1.3925
2024-11-04,DEXCAUS,1.3898
2024-11-05,DEXCAUS,1.385
2024-11-06,DEXCAUS,1.3929
2024-11-07,DEXCAUS,1.3866
2024-11-08,DEXCAUS,1.3921
2024-11-12,DEXCAUS,1.3956
2024-11-13,DEXCAUS,1.3985
2024-11-14,DEXCAUS,1.4025
2024-11-15,DEXCAUS,1.4076
2024-11-18,DEXCAUS,1.4028
2024-11-19,DEXCAUS,1.3981
2024-11-20,DEXCAUS,1.3995
2024-11-21,DEXCAUS,1.396
2024-11-22,DEXCAUS,1.3985
2024-11-25,DEXCAUS,1.4003
2024-11-26,DEXCAUS,1.4058
2024-11-27,DEXCAUS,1.4028
2024-11-29,DEXCAUS,1.4014
2024-12-02,DEXCAUS,1.4069
2024-12-03,DEXCAUS,1.4065
2024-12-04,DEXCAUS,1.4069
2024-12-05,DEXCAUS,1.4035
2024-12-06,DEXCAUS,1.4144
2024-12-09,DEXCAUS,1.412
2024-12-10,DEXCAUS,1.416
2024-12-11,DEXCAUS,1.4126
2024-12-12,DEXCAUS,1.4179
2024-12-13,DEXCAUS,1.424
2024-12-16,DEXCAUS,1.423
2024-12-17,DEXCAUS,1.4312
2024-12-18,DEXCAUS,1.4335
2024-12-19,DEXCAUS,1.4366
2024-12-20,DEXCAUS,1.4354
2024-12-23,DEXCAUS,1.439
2024-12-24,DEXCAUS,1.4383
2024-12-26,DEXCAUS,1.4404
2024-12-27,DEXCAUS,1.4433
2024-12-30,DEXCAUS,1.4374
2024-12-31,DEXCAUS,1.44
2025-01-02,DEXCAUS,1.4422
2025-01-03,DEXCAUS,1.4455
2025-01-06,DEXCAUS,1.4359
2025-01-07,DEXCAUS,1.4341
2025-01-08,DEXCAUS,1.4375
2025-01-09,DEXCAUS,1.4394
2025-01-10,DEXCAUS,1.4437
2025-01-13,DEXCAUS,1.4411
2025-01-14,DEXCAUS,1.4369
2025-01-15,DEXCAUS,1.434
2025-01-16,DEXCAUS,1.4377
2025-01-17,DEXCAUS,1.442
2025-01-21,DEXCAUS,1.4328
2025-01-22,DEXCAUS,1.4361
2025-01-23,DEXCAUS,1.4359
2025-01-24,DEXCAUS,1.4331
2025-01-27,DEXCAUS,1.4388
2025-01-28,DEXCAUS,1.4392
2025-01-29,DEXCAUS,1.4432
2025-01-30,DEXCAUS,1.4411
2025-01-31,DEXCAUS,1.4459
2025-02-03,DEXCAUS,1.4601
2025-02-04,DEXCAUS,1.4318
2025-02-05,DEXCAUS,1.428
2025-02-06,DEXCAUS,1.4314
2025-02-07,DEXCAUS,1.4311
2025-02-10,DEXCAUS,1.4317
2025-02-11,DEXCAUS,1.4308
2025-02-12,DEXCAUS,1.4288
2025-02-13,DEXCAUS,1.423
2025-02-14,DEXCAUS,1.417
2025-02-18,DEXCAUS,1.4189
2025-02-19,DEXCAUS,1.4235
2025-02-20,DEXCAUS,1.4195
2025-02-21,DEXCAUS,1.4196
2025-02-24,DEXCAUS,1.4224
2025-02-25,DEXCAUS,1.43
2025-02-26,DEXCAUS,1.4346
2025-02-27,DEXCAUS,1.4419
2025-02-28,DEXCAUS,1.4433
2025-03-03,DEXCAUS,1.4399
2025-03-04,DEXCAUS,1.4515
2025-03-05,DEXCAUS,1.4375
2025-03-06,DEXCAUS,1.4282
2025-03-07,DEXCAUS,1.4385
2025-03-10,DEXCAUS,1.4431
2025-03-11,DEXCAUS,1.4462
2025-03-12,DEXCAUS,1.4397
2025-03-13,DEXCAUS,1.4398
2025-03-14,DEXCAUS,1.4377
2025-03-17,DEXCAUS,1.4298
2025-03-18,DEXCAUS,1.4312
2025-03-19,DEXCAUS,1.4328
2025-03-20,DEXCAUS,1.4326
2025-03-21,DEXCAUS,1.4356
2025-03-24,DEXCAUS,1.4292
2025-03-25,DEXCAUS,1.4307
2025-03-26,DEXCAUS,1.4254
2025-03-27,DEXCAUS,1.4316
2025-03-28,DEXCAUS,1.4282
2025-03-31,DEXCAUS,1.4379
2025-04-01,DEXCAUS,1.4316
2025-04-02,DEXCAUS,1.431
2025-04-03,DEXCAUS,1.4062
2025-04-04,DEXCAUS,1.4194
2025-04-07,DEXCAUS,1.4224
2025-04-08,DEXCAUS,1.4199
2025-04-09,DEXCAUS,1.4187
2025-04-10,DEXCAUS,1.401
2025-04-11,DEXCAUS,1.3895
2025-04-14,DEXCAUS,1.3892
2025-04-15,DEXCAUS,1.3944
2025-04-16,DEXCAUS,1.3882
2025-04-17,DEXCAUS,1.3856
2025-04-18,DEXCAUS,1.3846
2025-04-21,DEXCAUS,1.3818
2025-04-22,DEXCAUS,1.3798
2025-04-23,DEXCAUS,1.3894
2025-04-24,DEXCAUS,1.3889
2025-04-25,DEXCAUS,1.3858
2025-04-28,DEXCAUS,1.3857
2025-04-29,DEXCAUS,1.3853
2025-04-30,DEXCAUS,1.3807
2025-05-01,DEXCAUS,1.3847
2025-05-02,DEXCAUS,1.379
2025-05-05,DEXCAUS,1.381
2025-05-06,DEXCAUS,1.3774
2025-05-07,DEXCAUS,1.3773
2025-05-08,DEXCAUS,1.3914
2025-05-09,DEXCAUS,1.3925
2025-05-12,DEXCAUS,1.4003
2025-05-13,DEXCAUS,1.3958
2025-05-14,DEXCAUS,1.3963
2025-05-15,DEXCAUS,1.3989
2025-05-16,DEXCAUS,1.3991
2025-05-19,DEXCAUS,1.3944
2025-05-20,DEXCAUS,1.3941
2025-05-21,DEXCAUS,1.3822
2025-05-22,DEXCAUS,1.3856
2025-05-23,DEXCAUS,1.3755
2025-05-27,DEXCAUS,1.3776
2025-05-28,DEXCAUS,1.3819
2025-05-29,DEXCAUS,1.3809
2025-05-30,DEXCAUS,1.3747
2025-06-02,DEXCAUS,1.3699
2025-06-03,DEXCAUS,1.3722
2025-06-04,DEXCAUS,1.3668
2025-06-05,DEXCAUS,1.3667
2025-06-06,DEXCAUS,1.3686
2025-06-09,DEXCAUS,1.3675
2025-06-10,DEXCAUS,1.3683
2025-06-11,DEXCAUS,1.3662
2025-06-12,DEXCAUS,1.3615
2025-06-13,DEXCAUS,1.3575
2025-06-16,DEXCAUS,1.3556
2025-06-17,DEXCAUS,1.3587
2025-06-18,DEXCAUS,1.3683
2025-06-20,DEXCAUS,1.3739
2025-06-23,DEXCAUS,1.3773
2025-06-24,DEXCAUS,1.3711
2025-06-25,DEXCAUS,1.375
2025-06-26,DEXCAUS,1.3629
2025-06-27,DEXCAUS,1.3666
2025-06-30,DEXCAUS,1.362
2025-07-01,DEXCAUS,1.3659
2025-07-02,DEXCAUS,1.362
2025-07-03,DEXCAUS,1.3559
2025-07-07,DEXCAUS,1.3644
2025-07-08,DEXCAUS,1.3671
2025-07-09,DEXCAUS,1.3694
2025-07-10,DEXCAUS,1.3682
2025-07-11,DEXCAUS,1.3678
2025-07-14,DEXCAUS,1.3694
2025-07-15,DEXCAUS,1.3713
2025-07-16,DEXCAUS,1.3706
2025-07-17,DEXCAUS,1.3749
2025-07-18,DEXCAUS,1.3711
2025-07-21,DEXCAUS,1.3689
2025-07-22,DEXCAUS,1.3615
2025-07-23,DEXCAUS,1.3609
2025-07-24,DEXCAUS,1.3643
2025-07-25,DEXCAUS,1.3714
2025-07-28,DEXCAUS,1.3718
2025-07-29,DEXCAUS,1.3777
2025-07-30,DEXCAUS,1.3814
2025-07-31,DEXCAUS,1.3845
2025-08-01,DEXCAUS,1.3778
2025-08-04,DEXCAUS,1.3775
2025-08-05,DEXCAUS,1.3779
2025-08-06,DEXCAUS,1.3739
2025-08-07,DEXCAUS,1.3749
2025-08-08,DEXCAUS,1.3752
2025-08-11,DEXCAUS,1.3783
2025-08-12,DEXCAUS,1.3762
2025-08-13,DEXCAUS,1.3764
2025-08-14,DEXCAUS,1.3806
2025-08-15,DEXCAUS,1.3808
2025-08-18,DEXCAUS,1.3815
2025-08-19,DEXCAUS,1.3859
2025-08-20,DEXCAUS,1.3874
2025-08-21,DEXCAUS,1.39
2025-08-22,DEXCAUS,1.3845
2025-08-25,DEXCAUS,1.3829
2025-08-26,DEXCAUS,1.3823
2025-08-27,DEXCAUS,1.3825
2025-08-28,DEXCAUS,1.375
2025-08-29,DEXCAUS,1.3726
2025-09-02,DEXCAUS,1.3784
2025-09-03,DEXCAUS,1.3787
2025-09-04,DEXCAUS,1.3828
2025-09-05,DEXCAUS,1.3823
2025-09-08,DEXCAUS,1.382
2025-09-09,DEXCAUS,1.3834
2025-09-10,DEXCAUS,1.3843
2025-09-11,DEXCAUS,1.383
2025-09-12,DEXCAUS,1.3858
2025-09-15,DEXCAUS,1.3797
2025-09-16,DEXCAUS,1.3745
2025-09-17,DEXCAUS,1.3761
2025-09-18,DEXCAUS,1.3796
2025-09-19,DEXCAUS,1.3772
2025-09-22,DEXCAUS,1.3814
2025-09-23,DEXCAUS,1.3834
2025-09-24,DEXCAUS,1.3894
2025-09-25,DEXCAUS,1.3923
2025-09-26,DEXCAUS,1.3946
2025-09-29,DEXCAUS,1.3904
2025-09-30,DEXCAUS,1.3927
2025-10-01,DEXCAUS,1.3953
2025-10-02,DEXCAUS,1.3974
2025-10-03,DEXCAUS,1.3946
2025-10-06,DEXCAUS,1.3945
2025-10-07,DEXCAUS,1.3949
2025-10-08,DEXCAUS,1.3953
2025-10-09,DEXCAUS,1.4009
2025-10-10,DEXCAUS,1.3997
2025-10-14,DEXCAUS,1.4041
2025-10-15,DEXCAUS,1.4033
2025-10-16,DEXCAUS,1.4045
2025-10-17,DEXCAUS,1.4046
2025-10-20,DEXCAUS,1.4029
2025-10-21,DEXCAUS,1.401
2025-10-22,DEXCAUS,1.3978
2025-10-23,DEXCAUS,1.3991
2025-10-24,DEXCAUS,1.4013
2025-10-27,DEXCAUS,1.3995
2025-10-28,DEXCAUS,1.3937
2025-10-29,DEXCAUS,1.3893
2025-10-30,DEXCAUS,1.3982
2025-10-31,DEXCAUS,1.401
2025-11-03,DEXCAUS,1.4049
2025-11-04,DEXCAUS,1.4081
2025-11-05,DEXCAUS,1.4108
2025-11-06,DEXCAUS,1.4127
2025-11-07,DEXCAUS,1.4075
2025-11-10,DEXCAUS,1.4029
2025-11-12,DEXCAUS,1.4
2025-11-13,DEXCAUS,1.401
2025-11-14,DEXCAUS,1.4023
2025-11-17,DEXCAUS,1.4028
2025-11-18,DEXCAUS,1.3996
2025-11-19,DEXCAUS,1.4049
2025-11-20,DEXCAUS,1.4092
2025-11-21,DEXCAUS,1.4094
2025-11-24,DEXCAUS,1.411
2025-11-25,DEXCAUS,1.4115
2025-11-26,DEXCAUS,1.4051
2025-11-28,DEXCAUS,1.3974
2025-12-01,DEXCAUS,1.3982
2025-12-02,DEXCAUS,1.3988
2025-12-03,DEXCAUS,1.395
2025-12-04,DEXCAUS,1.3939
2025-12-05,DEXCAUS,1.3858
2025-12-08,DEXCAUS,1.3846
2025-12-09,DEXCAUS,1.3832
2025-12-10,DEXCAUS,1.3834
2025-12-11,DEXCAUS,1.3769
2025-12-12,DEXCAUS,1.3783
2025-12-15,DEXCAUS,1.3765
2025-12-16,DEXCAUS,1.3749
2025-12-17,DEXCAUS,1.3791
2025-12-18,DEXCAUS,1.3762
2025-12-19,DEXCAUS,1.378
2025-12-22,DEXCAUS,1.3744
2025-12-23,DEXCAUS,1.3713
2025-12-24,DEXCAUS,1.3671
2025-12-26,DEXCAUS,1.3662
2025-12-29,DEXCAUS,1.368
2025-12-30,DEXCAUS,1.3678
2025-12-31,DEXCAUS,1.3712
2026-01-02,DEXCAUS,1.3738
2026-01-05,DEXCAUS,1.3757
2026-01-06,DEXCAUS,1.3789
2026-01-07,DEXCAUS,1.3828
2026-01-08,DEXCAUS,1.3864
2026-01-09,DEXCAUS,1.3893
2026-01-12,DEXCAUS,1.3876
2026-01-13,DEXCAUS,1.3885
2026-01-14,DEXCAUS,1.3871
2026-01-15,DEXCAUS,1.3896
2026-01-16,DEXCAUS,1.392
2026-01-20,DEXCAUS,1.3821
2026-01-21,DEXCAUS,1.3813
2026-01-22,DEXCAUS,1.3799
2026-01-23,DEXCAUS,1.3726
2026-01-26,DEXCAUS,1.3692
2026-01-27,DEXCAUS,1.3598
2026-01-28,DEXCAUS,1.3575
2026-01-29,DEXCAUS,1.3518
2026-01-30,DEXCAUS,1.3557
2026-02-02,DEXCAUS,1.3677
2026-02-03,DEXCAUS,1.3644
2026-02-04,DEXCAUS,1.3667
2026-02-05,DEXCAUS,1.367
2026-02-06,DEXCAUS,1.3644
2026-02-09,DEXCAUS,1.357
2026-02-10,DEXCAUS,1.3533
2026-02-11,DEXCAUS,1.3569
2026-02-12,DEXCAUS,1.3623
2026-02-13,DEXCAUS,1.3618
2026-02-17,DEXCAUS,1.3652
2026-02-18,DEXCAUS,1.3675
2026-02-19,DEXCAUS,1.3701
2026-02-20,DEXCAUS,1.3688
2026-02-23,DEXCAUS,1.3685
2026-02-24,DEXCAUS,1.3702
2026-02-25,DEXCAUS,1.3685
2026-02-26,DEXCAUS,1.3683
2026-02-27,DEXCAUS,1.3632
2026-03-02,DEXCAUS,1.3705
2026-03-03,DEXCAUS,1.3662
2026-03-04,DEXCAUS,1.3661
2026-03-05,DEXCAUS,1.3693
2026-03-06,DEXCAUS,1.3599
2026-03-09,DEXCAUS,1.3573
2026-03-10,DEXCAUS,1.3562
2026-03-11,DEXCAUS,1.3603
2026-03-12,DEXCAUS,1.3618
2026-03-13,DEXCAUS,1.3736
2026-03-16,DEXCAUS,1.3683
2026-03-17,DEXCAUS,1.3706
2026-03-18,DEXCAUS,1.3697
2026-03-19,DEXCAUS,1.3721
2026-03-20,DEXCAUS,1.3731
2026-03-23,DEXCAUS,1.3718
2026-03-24,DEXCAUS,1.3764
2026-03-25,DEXCAUS,1.3799
2026-03-26,DEXCAUS,1.3849
2026-03-27,DEXCAUS,1.388
2026-03-30,DEXCAUS,1.3921
2026-03-31,DEXCAUS,1.3953
2026-04-01,DEXCAUS,1.3875
2026-04-02,DEXCAUS,1.3917
2026-04-03,DEXCAUS,1.3942
2026-04-06,DEXCAUS,1.3913
2026-04-07,DEXCAUS,1.3905
2026-04-08,DEXCAUS,1.3851
2026-04-09,DEXCAUS,1.3807
2026-04-10,DEXCAUS,1.3828
2026-04-13,DEXCAUS,1.3811
2026-04-14,DEXCAUS,1.3757
2026-04-15,DEXCAUS,1.374
2026-04-16,DEXCAUS,1.3706
2026-04-17,DEXCAUS,1.3667
2026-04-20,DEXCAUS,1.3649
2026-04-21,DEXCAUS,1.3642
2026-04-22,DEXCAUS,1.3659
2026-04-23,DEXCAUS,1.3682
2026-04-24,DEXCAUS,1.3675
2026-04-27,DEXCAUS,1.3616
2026-04-28,DEXCAUS,1.3671
2026-04-29,DEXCAUS,1.3671
2026-04-30,DEXCAUS,1.3611
2026-05-01,DEXCAUS,1.3575
2026-05-04,DEXCAUS,1.3608
2026-05-05,DEXCAUS,1.3609
2026-05-06,DEXCAUS,1.3621
2026-05-07,DEXCAUS,1.3636
2026-05-08,DEXCAUS,1.3679
2026-05-11,DEXCAUS,1.3664
2026-05-12,DEXCAUS,1.3712
2026-05-13,DEXCAUS,1.3701
2026-05-14,DEXCAUS,1.3724
2026-05-15,DEXCAUS,1.375
2026-05-18,DEXCAUS,1.3742
2026-05-19,DEXCAUS,1.3754
2026-05-20,DEXCAUS,1.3747
2026-05-21,DEXCAUS,1.3788
2026-05-22,DEXCAUS,1.3817
2026-05-26,DEXCAUS,1.3803
2026-05-27,DEXCAUS,1.3829
2026-05-28,DEXCAUS,1.3798
2026-05-29,DEXCAUS,1.3784
2026-06-01,DEXCAUS,1.3837
2026-06-02,DEXCAUS,1.3822
2026-06-03,DEXCAUS,1.3891
2026-06-04,DEXCAUS,1.3889
2026-06-05,DEXCAUS,1.3931
2026-06-08,DEXCAUS,1.3949
2026-06-09,DEXCAUS,1.3957
2026-06-10,DEXCAUS,1.3927
2026-06-11,DEXCAUS,1.4004
2026-06-12,DEXCAUS,1.3971
2026-06-15,DEXCAUS,1.3984
2026-06-16,DEXCAUS,1.3982
2026-06-17,DEXCAUS,1.403
2026-06-18,DEXCAUS,1.4142
2026-06-22,DEXCAUS,1.4167
2026-06-23,DEXCAUS,1.4198
2026-06-24,DEXCAUS,1.4237
2026-06-25,DEXCAUS,1.4191
2026-06-26,DEXCAUS,1.4182
2026-06-29,DEXCAUS,1.421
2026-06-30,DEXCAUS,1.4205
2026-07-01,DEXCAUS,1.4205
2026-07-02,DEXCAUS,1.4182
2026-07-06,DEXCAUS,1.4214
2026-07-07,DEXCAUS,1.4194
2026-07-08,DEXCAUS,1.419
2026-07-09,DEXCAUS,1.4163
2026-07-10,DEXCAUS,1.4132
2026-07-13,DEXCAUS,1.4138
2026-07-14,DEXCAUS,1.4067
2026-07-15,DEXCAUS,1.4047
2026-07-16,DEXCAUS,1.4033
2026-07-17,DEXCAUS,1.4014
2026-07-20,DEXCAUS,1.4059
2026-07-21,DEXCAUS,1.4097
2026-07-22,DEXCAUS,1.4084
2026-07-23,DEXCAUS,1.4087
2026-07-24,DEXCAUS,1.4078
2026-07-27,DEXCAUS,1.411
2026-07-28,DEXCAUS,1.4091
2026-07-29,DEXCAUS,1.4086
2026-07-30,DEXCAUS,1.4003
2026-07-31,DEXCAUS,1.4028
2026-08-03,DEXCAUS,1.4039
2026-08-04,DEXCAUS,1.4071
2026-08-05,DEXCAUS,1.4018
2026-08-06,DEXCAUS,1.4029
2026-08-07,DEXCAUS,1.3933
2026-08-10,DEXCAUS,1.3927
2026-08-11,DEXCAUS,1.3923
2026-08-12,DEXCAUS,1.3919
2026-08-13,DEXCAUS,1.3934
2026-08-14,DEXCAUS,1.3872
2026-08-17,DEXCAUS,1.3867
2026-08-18,DEXCAUS,1.3889
2026-08-19,DEXCAUS,1.3821
2026-08-20,DEXCAUS,1.378
2026-08-21,DEXCAUS,1.3765
2026-08-24,DEXCAUS,1.384
2026-08-25,DEXCAUS,1.3833
2026-08-26,DEXCAUS,1.3876
2026-08-27,DEXCAUS,1.3854
2026-08-28,DEXCAUS,1.3895
