date,curve_id,value
2024-09-04,UKGILT-5Y-YIELD,0.04
2024-09-05,UKGILT-5Y-YIELD,0.03938961235545044
2024-09-06,UKGILT-5Y-YIELD,0.03957060287952787
2024-09-09,UKGILT-5Y-YIELD,0.03979389123849184
2024-09-10,UKGILT-5Y-YIELD,0.03970098519853196
2024-09-11,UKGILT-5Y-YIELD,0.03981118161041562
2024-09-12,UKGILT-5Y-YIELD,0.04032429989785891
2024-09-13,UKGILT-5Y-YIELD,0.04064253924987866
2024-09-16,UKGILT-5Y-YIELD,0.04085483095612048
2024-09-17,UKGILT-5Y-YIELD,0.041061155772672116
2024-09-18,UKGILT-5Y-YIELD,0.040802085536546406
2024-09-19,UKGILT-5Y-YIELD,0.041091290556048474
2024-09-20,UKGILT-5Y-YIELD,0.04059675171134602
2024-09-23,UKGILT-5Y-YIELD,0.040497124167515414
2024-09-24,UKGILT-5Y-YIELD,0.040365936015235186
2024-09-25,UKGILT-5Y-YIELD,0.03984738040348138
2024-09-26,UKGILT-5Y-YIELD,0.03981427873738094
2024-09-27,UKGILT-5Y-YIELD,0.04030731526037126
2024-09-30,UKGILT-5Y-YIELD,0.04020527705908373
2024-10-01,UKGILT-5Y-YIELD,0.039842996057005926
2024-10-02,UKGILT-5Y-YIELD,0.039815679941454
2024-10-03,UKGILT-5Y-YIELD,0.040071857236404294
2024-10-04,UKGILT-5Y-YIELD,0.04012982267109941
2024-10-07,UKGILT-5Y-YIELD,0.04012902295616046
2024-10-08,UKGILT-5Y-YIELD,0.03970625627863818
2024-10-09,UKGILT-5Y-YIELD,0.0398565610013748
2024-10-10,UKGILT-5Y-YIELD,0.04000228032740991
2024-10-11,UKGILT-5Y-YIELD,0.040404660189125086
2024-10-14,UKGILT-5Y-YIELD,0.04085137617121137
2024-10-15,UKGILT-5Y-YIELD,0.04105795106524169
2024-10-16,UKGILT-5Y-YIELD,0.04056522600088586
2024-10-17,UKGILT-5Y-YIELD,0.04013460795022127
2024-10-18,UKGILT-5Y-YIELD,0.039805214413708954
2024-10-21,UKGILT-5Y-YIELD,0.03989369190104374
2024-10-22,UKGILT-5Y-YIELD,0.03965751807042707
2024-10-23,UKGILT-5Y-YIELD,0.04005037936874998
2024-10-24,UKGILT-5Y-YIELD,0.040123535946972606
2024-10-25,UKGILT-5Y-YIELD,0.040232966165682775
2024-10-28,UKGILT-5Y-YIELD,0.040458118597097324
2024-10-29,UKGILT-5Y-YIELD,0.04056019296752569
2024-10-30,UKGILT-5Y-YIELD,0.04013702286496991
2024-10-31,UKGILT-5Y-YIELD,0.04087260161894403
2024-11-01,UKGILT-5Y-YIELD,0.041311498290642575
2024-11-04,UKGILT-5Y-YIELD,0.041768436892038796
2024-11-05,UKGILT-5Y-YIELD,0.04154419210213715
2024-11-06,UKGILT-5Y-YIELD,0.040989942769411314
2024-11-07,UKGILT-5Y-YIELD,0.040537952355745185
2024-11-08,UKGILT-5Y-YIELD,0.04022191339155397
2024-11-11,UKGILT-5Y-YIELD,0.040486555231404465
2024-11-12,UKGILT-5Y-YIELD,0.04075665105464687
2024-11-13,UKGILT-5Y-YIELD,0.04119416892899455
2024-11-14,UKGILT-5Y-YIELD,0.04183690391578543
2024-11-15,UKGILT-5Y-YIELD,0.04199317619837785
2024-11-18,UKGILT-5Y-YIELD,0.042099544745836166
2024-11-19,UKGILT-5Y-YIELD,0.04199064404616378
2024-11-20,UKGILT-5Y-YIELD,0.04188970523771637
2024-11-21,UKGILT-5Y-YIELD,0.041542370125117176
2024-11-22,UKGILT-5Y-YIELD,0.041695610163151375
2024-11-25,UKGILT-5Y-YIELD,0.04179106147513755
2024-11-26,UKGILT-5Y-YIELD,0.04166950198962211
2024-11-27,UKGILT-5Y-YIELD,0.04142632633420666
2024-11-28,UKGILT-5Y-YIELD,0.041563411762712485
2024-11-29,UKGILT-5Y-YIELD,0.04195525978215256
2024-12-02,UKGILT-5Y-YIELD,0.04197970921803987
2024-12-03,UKGILT-5Y-YIELD,0.04206483993123738
2024-12-04,UKGILT-5Y-YIELD,0.04190038999959627
2024-12-05,UKGILT-5Y-YIELD,0.041825832244617195
2024-12-06,UKGILT-5Y-YIELD,0.041730881575955336
2024-12-09,UKGILT-5Y-YIELD,0.041645357982829846
2024-12-10,UKGILT-5Y-YIELD,0.0414661845491471
2024-12-11,UKGILT-5Y-YIELD,0.04158509956259349
2024-12-12,UKGILT-5Y-YIELD,0.04197501835096894
2024-12-13,UKGILT-5Y-YIELD,0.041690865695755655
2024-12-16,UKGILT-5Y-YIELD,0.04211062771588453
2024-12-17,UKGILT-5Y-YIELD,0.04198972698305523
2024-12-18,UKGILT-5Y-YIELD,0.04187960034809456
2024-12-19,UKGILT-5Y-YIELD,0.04123266058078502
2024-12-20,UKGILT-5Y-YIELD,0.04050621786994061
2024-12-23,UKGILT-5Y-YIELD,0.04072686878250917
2024-12-24,UKGILT-5Y-YIELD,0.04039954375915332
2024-12-25,UKGILT-5Y-YIELD,0.04064113625495968
2024-12-26,UKGILT-5Y-YIELD,0.04065632401743876
2024-12-27,UKGILT-5Y-YIELD,0.040731465960764435
2024-12-30,UKGILT-5Y-YIELD,0.0411314573902732
2024-12-31,UKGILT-5Y-YIELD,0.04110975086684125
2025-01-01,UKGILT-5Y-YIELD,0.04012991797877102
2025-01-02,UKGILT-5Y-YIELD,0.03960833036428038
2025-01-03,UKGILT-5Y-YIELD,0.03990011997608869
2025-01-06,UKGILT-5Y-YIELD,0.04049912405881053
2025-01-07,UKGILT-5Y-YIELD,0.04047033873743584
2025-01-08,UKGILT-5Y-YIELD,0.040259679038588604
2025-01-09,UKGILT-5Y-YIELD,0.039842014453276405
2025-01-10,UKGILT-5Y-YIELD,0.0400058306301113
2025-01-13,UKGILT-5Y-YIELD,0.03946646453280163
2025-01-14,UKGILT-5Y-YIELD,0.03909272120368697
2025-01-15,UKGILT-5Y-YIELD,0.03913350111393226
2025-01-16,UKGILT-5Y-YIELD,0.03916408142141451
2025-01-17,UKGILT-5Y-YIELD,0.03908643713168019
2025-01-20,UKGILT-5Y-YIELD,0.03940545329142179
2025-01-21,UKGILT-5Y-YIELD,0.03903243003692784
2025-01-22,UKGILT-5Y-YIELD,0.03867518134652227
2025-01-23,UKGILT-5Y-YIELD,0.038549673868452
2025-01-24,UKGILT-5Y-YIELD,0.03856921626007571
2025-01-27,UKGILT-5Y-YIELD,0.0384678864662793
2025-01-28,UKGILT-5Y-YIELD,0.03906569450526723
2025-01-29,UKGILT-5Y-YIELD,0.03888453202672633
2025-01-30,UKGILT-5Y-YIELD,0.03907513534752077
2025-01-31,UKGILT-5Y-YIELD,0.038899215783875465
2025-02-03,UKGILT-5Y-YIELD,0.038995426012420766
2025-02-04,UKGILT-5Y-YIELD,0.038862559050458996
2025-02-05,UKGILT-5Y-YIELD,0.038744651121998284
2025-02-06,UKGILT-5Y-YIELD,0.039231749316135614
2025-02-07,UKGILT-5Y-YIELD,0.039130640692650334
2025-02-10,UKGILT-5Y-YIELD,0.03964578197343055
2025-02-11,UKGILT-5Y-YIELD,0.03942392369764931
2025-02-12,UKGILT-5Y-YIELD,0.03928328494833236
2025-02-13,UKGILT-5Y-YIELD,0.03961611808667297
2025-02-14,UKGILT-5Y-YIELD,0.038872219267634255
2025-02-17,UKGILT-5Y-YIELD,0.03837006280929681
2025-02-18,UKGILT-5Y-YIELD,0.03837545397955833
2025-02-19,UKGILT-5Y-YIELD,0.038518524747928565
2025-02-20,UKGILT-5Y-YIELD,0.038690387082224165
2025-02-21,UKGILT-5Y-YIELD,0.03859257756824168
2025-02-24,UKGILT-5Y-YIELD,0.038158991152842624
2025-02-25,UKGILT-5Y-YIELD,0.038409323220498115
2025-02-26,UKGILT-5Y-YIELD,0.03854322624767317
2025-02-27,UKGILT-5Y-YIELD,0.03820082015640307
2025-02-28,UKGILT-5Y-YIELD,0.038226668087406074
2025-03-03,UKGILT-5Y-YIELD,0.038773042335505596
2025-03-04,UKGILT-5Y-YIELD,0.03881019526965158
2025-03-05,UKGILT-5Y-YIELD,0.038449278519007604
2025-03-06,UKGILT-5Y-YIELD,0.03831936516446563
2025-03-07,UKGILT-5Y-YIELD,0.03820704945525846
2025-03-10,UKGILT-5Y-YIELD,0.038310181890619306
2025-03-11,UKGILT-5Y-YIELD,0.0385842932563979
2025-03-12,UKGILT-5Y-YIELD,0.038299238921961624
2025-03-13,UKGILT-5Y-YIELD,0.03810030305685722
2025-03-14,UKGILT-5Y-YIELD,0.03840951690911724
2025-03-17,UKGILT-5Y-YIELD,0.03863374237989405
2025-03-18,UKGILT-5Y-YIELD,0.03904559512150092
2025-03-19,UKGILT-5Y-YIELD,0.038599780880583766
2025-03-20,UKGILT-5Y-YIELD,0.03830732147957319
2025-03-21,UKGILT-5Y-YIELD,0.03861259285967232
2025-03-24,UKGILT-5Y-YIELD,0.03832190683771319
2025-03-25,UKGILT-5Y-YIELD,0.03841971571156382
2025-03-26,UKGILT-5Y-YIELD,0.03840209707109152
2025-03-27,UKGILT-5Y-YIELD,0.038173334890572626
2025-03-28,UKGILT-5Y-YIELD,0.03861941528609188
2025-03-31,UKGILT-5Y-YIELD,0.0386138760947152
2025-04-01,UKGILT-5Y-YIELD,0.03845806281137801
2025-04-02,UKGILT-5Y-YIELD,0.03840824426792699
2025-04-03,UKGILT-5Y-YIELD,0.03848284933696249
2025-04-04,UKGILT-5Y-YIELD,0.038001050220492875
2025-04-07,UKGILT-5Y-YIELD,0.03773631752519979
2025-04-08,UKGILT-5Y-YIELD,0.03734439105689625
2025-04-09,UKGILT-5Y-YIELD,0.03670107061435984
2025-04-10,UKGILT-5Y-YIELD,0.03699826198750589
2025-04-11,UKGILT-5Y-YIELD,0.03743492603990718
2025-04-14,UKGILT-5Y-YIELD,0.03779681659599452
2025-04-15,UKGILT-5Y-YIELD,0.03725517776186839
2025-04-16,UKGILT-5Y-YIELD,0.0373757928751072
2025-04-17,UKGILT-5Y-YIELD,0.03758203096958864
2025-04-18,UKGILT-5Y-YIELD,0.0374068180690323
2025-04-21,UKGILT-5Y-YIELD,0.037654971709900315
2025-04-22,UKGILT-5Y-YIELD,0.03731311590752969
2025-04-23,UKGILT-5Y-YIELD,0.03698398956884992
2025-04-24,UKGILT-5Y-YIELD,0.036728429954493054
2025-04-25,UKGILT-5Y-YIELD,0.036507029423031134
2025-04-28,UKGILT-5Y-YIELD,0.036198095100290734
2025-04-29,UKGILT-5Y-YIELD,0.03648979239924388
2025-04-30,UKGILT-5Y-YIELD,0.03616198630145471
2025-05-01,UKGILT-5Y-YIELD,0.03601882493218293
2025-05-02,UKGILT-5Y-YIELD,0.0358231413149038
2025-05-05,UKGILT-5Y-YIELD,0.0364920015314915
2025-05-06,UKGILT-5Y-YIELD,0.0362168865530481
2025-05-07,UKGILT-5Y-YIELD,0.03635910240519609
2025-05-08,UKGILT-5Y-YIELD,0.03691114346891434
2025-05-09,UKGILT-5Y-YIELD,0.036549355781821675
2025-05-12,UKGILT-5Y-YIELD,0.03629490637101984
2025-05-13,UKGILT-5Y-YIELD,0.0361930093316966
2025-05-14,UKGILT-5Y-YIELD,0.03578886173749588
2025-05-15,UKGILT-5Y-YIELD,0.03615982040985517
2025-05-16,UKGILT-5Y-YIELD,0.03601414972173067
2025-05-19,UKGILT-5Y-YIELD,0.03633225099080645
2025-05-20,UKGILT-5Y-YIELD,0.036492566612753116
2025-05-21,UKGILT-5Y-YIELD,0.03649785379325605
2025-05-22,UKGILT-5Y-YIELD,0.0367872237559494
2025-05-23,UKGILT-5Y-YIELD,0.03669424716197396
2025-05-26,UKGILT-5Y-YIELD,0.03701256804010401
2025-05-27,UKGILT-5Y-YIELD,0.03661417356666741
2025-05-28,UKGILT-5Y-YIELD,0.03638782021276303
2025-05-29,UKGILT-5Y-YIELD,0.036751999751294076
2025-05-30,UKGILT-5Y-YIELD,0.03611729743015628
2025-06-02,UKGILT-5Y-YIELD,0.03626019299031044
2025-06-03,UKGILT-5Y-YIELD,0.0361351825231841
2025-06-04,UKGILT-5Y-YIELD,0.035969457932938154
2025-06-05,UKGILT-5Y-YIELD,0.035757960044980164
2025-06-06,UKGILT-5Y-YIELD,0.03614518832321091
2025-06-09,UKGILT-5Y-YIELD,0.03568381803328677
2025-06-10,UKGILT-5Y-YIELD,0.03593437293463621
2025-06-11,UKGILT-5Y-YIELD,0.03607751899508956
2025-06-12,UKGILT-5Y-YIELD,0.035948590780018774
2025-06-13,UKGILT-5Y-YIELD,0.035921969736240726
2025-06-16,UKGILT-5Y-YIELD,0.03613406520841693
2025-06-17,UKGILT-5Y-YIELD,0.03595471545734049
2025-06-18,UKGILT-5Y-YIELD,0.03549822406644596
2025-06-19,UKGILT-5Y-YIELD,0.03558282952491547
2025-06-20,UKGILT-5Y-YIELD,0.035328827387104106
2025-06-23,UKGILT-5Y-YIELD,0.03520490346453731
2025-06-24,UKGILT-5Y-YIELD,0.03522065374014242
2025-06-25,UKGILT-5Y-YIELD,0.03544183102571782
2025-06-26,UKGILT-5Y-YIELD,0.0359868309055884
2025-06-27,UKGILT-5Y-YIELD,0.03608959735887867
2025-06-30,UKGILT-5Y-YIELD,0.0361241348165447
2025-07-01,UKGILT-5Y-YIELD,0.0363699867772148
2025-07-02,UKGILT-5Y-YIELD,0.03645571527748033
2025-07-03,UKGILT-5Y-YIELD,0.035948359156953914
2025-07-04,UKGILT-5Y-YIELD,0.035767507196386494
2025-07-07,UKGILT-5Y-YIELD,0.03539560374849758
2025-07-08,UKGILT-5Y-YIELD,0.0356045880688998
2025-07-09,UKGILT-5Y-YIELD,0.035986601017543786
2025-07-10,UKGILT-5Y-YIELD,0.03609346358777034
2025-07-11,UKGILT-5Y-YIELD,0.03578400190913218
2025-07-14,UKGILT-5Y-YIELD,0.03602435070426184
2025-07-15,UKGILT-5Y-YIELD,0.035735283767552514
2025-07-16,UKGILT-5Y-YIELD,0.035811282256183935
2025-07-17,UKGILT-5Y-YIELD,0.03545132315679311
2025-07-18,UKGILT-5Y-YIELD,0.035035187800085396
2025-07-21,UKGILT-5Y-YIELD,0.03461385479894922
2025-07-22,UKGILT-5Y-YIELD,0.0346190391557172
2025-07-23,UKGILT-5Y-YIELD,0.034420484313272756
2025-07-24,UKGILT-5Y-YIELD,0.034551412946534195
2025-07-25,UKGILT-5Y-YIELD,0.0341616107227105
2025-07-28,UKGILT-5Y-YIELD,0.0343086872770417
2025-07-29,UKGILT-5Y-YIELD,0.03412291796950975
2025-07-30,UKGILT-5Y-YIELD,0.03449869363703625
2025-07-31,UKGILT-5Y-YIELD,0.03480461489601465
2025-08-01,UKGILT-5Y-YIELD,0.03473973742738668
2025-08-04,UKGILT-5Y-YIELD,0.034772221651979004
2025-08-05,UKGILT-5Y-YIELD,0.0348453015136042
2025-08-06,UKGILT-5Y-YIELD,0.03498442856997424
2025-08-07,UKGILT-5Y-YIELD,0.03490216050399694
2025-08-08,UKGILT-5Y-YIELD,0.03523085486070815
2025-08-11,UKGILT-5Y-YIELD,0.03507832003326085
2025-08-12,UKGILT-5Y-YIELD,0.034500779583734584
2025-08-13,UKGILT-5Y-YIELD,0.034574687645296726
2025-08-14,UKGILT-5Y-YIELD,0.034542170155350924
2025-08-15,UKGILT-5Y-YIELD,0.034791895855294706
2025-08-18,UKGILT-5Y-YIELD,0.03497069478630894
2025-08-19,UKGILT-5Y-YIELD,0.03500954055376755
2025-08-20,UKGILT-5Y-YIELD,0.03504172647170403
2025-08-21,UKGILT-5Y-YIELD,0.03507974132669615
2025-08-22,UKGILT-5Y-YIELD,0.034881959792729816
2025-08-25,UKGILT-5Y-YIELD,0.034516727166664866
2025-08-26,UKGILT-5Y-YIELD,0.03427045102742904
2025-08-27,UKGILT-5Y-YIELD,0.034243053882794555
2025-08-28,UKGILT-5Y-YIELD,0.03356344513302297
2025-08-29,UKGILT-5Y-YIELD,0.033432728793574444
2025-09-01,UKGILT-5Y-YIELD,0.03313814563674554
2025-09-02,UKGILT-5Y-YIELD,0.03311169347406528
2025-09-03,UKGILT-5Y-YIELD,0.032867660300836536
2025-09-04,UKGILT-5Y-YIELD,0.032886347282732646
2025-09-05,UKGILT-5Y-YIELD,0.03281790076560817
2025-09-08,UKGILT-5Y-YIELD,0.033206723765547605
2025-09-09,UKGILT-5Y-YIELD,0.03310375018071293
2025-09-10,UKGILT-5Y-YIELD,0.03303069105894933
2025-09-11,UKGILT-5Y-YIELD,0.03303841490914534
2025-09-12,UKGILT-5Y-YIELD,0.032493049245823954
2025-09-15,UKGILT-5Y-YIELD,0.03217139510310696
2025-09-16,UKGILT-5Y-YIELD,0.03260226658002369
2025-09-17,UKGILT-5Y-YIELD,0.0327572155770819
2025-09-18,UKGILT-5Y-YIELD,0.03278249950098785
2025-09-19,UKGILT-5Y-YIELD,0.03310696125562436
2025-09-22,UKGILT-5Y-YIELD,0.03305288804520558
2025-09-23,UKGILT-5Y-YIELD,0.03297814244975358
2025-09-24,UKGILT-5Y-YIELD,0.03288734277503443
2025-09-25,UKGILT-5Y-YIELD,0.03235456490301793
2025-09-26,UKGILT-5Y-YIELD,0.03263629010402975
2025-09-29,UKGILT-5Y-YIELD,0.032579536717867764
2025-09-30,UKGILT-5Y-YIELD,0.03255130418094165
2025-10-01,UKGILT-5Y-YIELD,0.03245103640457844
2025-10-02,UKGILT-5Y-YIELD,0.03226054693146421
2025-10-03,UKGILT-5Y-YIELD,0.03158281643634761
2025-10-06,UKGILT-5Y-YIELD,0.031628156803041804
2025-10-07,UKGILT-5Y-YIELD,0.03228246184686508
2025-10-08,UKGILT-5Y-YIELD,0.03257891128405633
2025-10-09,UKGILT-5Y-YIELD,0.032492460770414476
2025-10-10,UKGILT-5Y-YIELD,0.032215052746911894
2025-10-13,UKGILT-5Y-YIELD,0.032222758807230814
2025-10-14,UKGILT-5Y-YIELD,0.0323340287788449
2025-10-15,UKGILT-5Y-YIELD,0.03229793219353681
2025-10-16,UKGILT-5Y-YIELD,0.03254814818845971
2025-10-17,UKGILT-5Y-YIELD,0.03226220257547082
2025-10-20,UKGILT-5Y-YIELD,0.03258250553604201
2025-10-21,UKGILT-5Y-YIELD,0.03262904359145004
2025-10-22,UKGILT-5Y-YIELD,0.03246429004398261
2025-10-23,UKGILT-5Y-YIELD,0.0323791906298586
2025-10-24,UKGILT-5Y-YIELD,0.03248339247482851
2025-10-27,UKGILT-5Y-YIELD,0.032712082201289405
2025-10-28,UKGILT-5Y-YIELD,0.032733815204460635
2025-10-29,UKGILT-5Y-YIELD,0.03290837957544258
2025-10-30,UKGILT-5Y-YIELD,0.03362943714539533
2025-10-31,UKGILT-5Y-YIELD,0.03313776671154161
2025-11-03,UKGILT-5Y-YIELD,0.03253615956899166
2025-11-04,UKGILT-5Y-YIELD,0.03256278075708063
2025-11-05,UKGILT-5Y-YIELD,0.03227245349993692
2025-11-06,UKGILT-5Y-YIELD,0.03230636138922526
2025-11-07,UKGILT-5Y-YIELD,0.03182323663813937
2025-11-10,UKGILT-5Y-YIELD,0.03186311251820166
2025-11-11,UKGILT-5Y-YIELD,0.03225637288791064
2025-11-12,UKGILT-5Y-YIELD,0.03258891589040563
2025-11-13,UKGILT-5Y-YIELD,0.03225951581911223
2025-11-14,UKGILT-5Y-YIELD,0.032166651592124264
2025-11-17,UKGILT-5Y-YIELD,0.03243220187701313
2025-11-18,UKGILT-5Y-YIELD,0.03297956427764284
2025-11-19,UKGILT-5Y-YIELD,0.032693631738307125
2025-11-20,UKGILT-5Y-YIELD,0.032437415909462905
2025-11-21,UKGILT-5Y-YIELD,0.03277270760750466
2025-11-24,UKGILT-5Y-YIELD,0.03266493998743672
2025-11-25,UKGILT-5Y-YIELD,0.03235692139279293
2025-11-26,UKGILT-5Y-YIELD,0.03267227196911805
2025-11-27,UKGILT-5Y-YIELD,0.03216826010405891
2025-11-28,UKGILT-5Y-YIELD,0.03196307232193379
2025-12-01,UKGILT-5Y-YIELD,0.032252973569173685
2025-12-02,UKGILT-5Y-YIELD,0.03206447522559867
2025-12-03,UKGILT-5Y-YIELD,0.03229359580497343
2025-12-04,UKGILT-5Y-YIELD,0.03192559731082944
2025-12-05,UKGILT-5Y-YIELD,0.032158206898895564
2025-12-08,UKGILT-5Y-YIELD,0.03229983801693333
2025-12-09,UKGILT-5Y-YIELD,0.03278603930274321
2025-12-10,UKGILT-5Y-YIELD,0.0327122748201091
2025-12-11,UKGILT-5Y-YIELD,0.03260648033225858
2025-12-12,UKGILT-5Y-YIELD,0.03257773263962879
2025-12-15,UKGILT-5Y-YIELD,0.032892001951748406
2025-12-16,UKGILT-5Y-YIELD,0.03266919903249183
2025-12-17,UKGILT-5Y-YIELD,0.0326265601345988
2025-12-18,UKGILT-5Y-YIELD,0.033211452524804154
2025-12-19,UKGILT-5Y-YIELD,0.03344553490115321
2025-12-22,UKGILT-5Y-YIELD,0.033662819733649714
2025-12-23,UKGILT-5Y-YIELD,0.03350649215011905
2025-12-24,UKGILT-5Y-YIELD,0.033764805756442806
2025-12-25,UKGILT-5Y-YIELD,0.0334154082925678
2025-12-26,UKGILT-5Y-YIELD,0.03296782151298103
2025-12-29,UKGILT-5Y-YIELD,0.03268510399746068
2025-12-30,UKGILT-5Y-YIELD,0.03311042345543343
2025-12-31,UKGILT-5Y-YIELD,0.03316060752510225
2026-01-01,UKGILT-5Y-YIELD,0.03288038763545825
2026-01-02,UKGILT-5Y-YIELD,0.032772932695566796
2026-01-05,UKGILT-5Y-YIELD,0.032908165766193244
2026-01-06,UKGILT-5Y-YIELD,0.033262631631821846
2026-01-07,UKGILT-5Y-YIELD,0.03277260053013375
2026-01-08,UKGILT-5Y-YIELD,0.0331736947669155
2026-01-09,UKGILT-5Y-YIELD,0.0334531032154623
2026-01-12,UKGILT-5Y-YIELD,0.0332438188439093
2026-01-13,UKGILT-5Y-YIELD,0.03312401784466411
2026-01-14,UKGILT-5Y-YIELD,0.03327117766721044
2026-01-15,UKGILT-5Y-YIELD,0.033185213050776964
2026-01-16,UKGILT-5Y-YIELD,0.03322644719853322
2026-01-19,UKGILT-5Y-YIELD,0.03290841514968923
2026-01-20,UKGILT-5Y-YIELD,0.03236157979469104
2026-01-21,UKGILT-5Y-YIELD,0.03309020309477503
2026-01-22,UKGILT-5Y-YIELD,0.03314138898666676
2026-01-23,UKGILT-5Y-YIELD,0.03320872473457554
2026-01-26,UKGILT-5Y-YIELD,0.033361365471121764
2026-01-27,UKGILT-5Y-YIELD,0.03376200920860236
2026-01-28,UKGILT-5Y-YIELD,0.03404068815676836
2026-01-29,UKGILT-5Y-YIELD,0.03373216592732144
2026-01-30,UKGILT-5Y-YIELD,0.03369826239475948
2026-02-02,UKGILT-5Y-YIELD,0.03371902854295304
2026-02-03,UKGILT-5Y-YIELD,0.033947561905683224
2026-02-04,UKGILT-5Y-YIELD,0.033767445755808596
2026-02-05,UKGILT-5Y-YIELD,0.03388185246213291
2026-02-06,UKGILT-5Y-YIELD,0.03394939615308855
2026-02-09,UKGILT-5Y-YIELD,0.03436323692116395
2026-02-10,UKGILT-5Y-YIELD,0.03358055999701036
2026-02-11,UKGILT-5Y-YIELD,0.03360443615736498
2026-02-12,UKGILT-5Y-YIELD,0.03370619303259693
2026-02-13,UKGILT-5Y-YIELD,0.03390856337105444
2026-02-16,UKGILT-5Y-YIELD,0.03390598637156177
2026-02-17,UKGILT-5Y-YIELD,0.03365740407129546
2026-02-18,UKGILT-5Y-YIELD,0.033858208004396984
2026-02-19,UKGILT-5Y-YIELD,0.033968826343437585
2026-02-20,UKGILT-5Y-YIELD,0.033716504591380085
2026-02-23,UKGILT-5Y-YIELD,0.033308165335263824
2026-02-24,UKGILT-5Y-YIELD,0.03347550020932882
2026-02-25,UKGILT-5Y-YIELD,0.033215295482409195
2026-02-26,UKGILT-5Y-YIELD,0.033410258343055214
2026-02-27,UKGILT-5Y-YIELD,0.03386500492083101
2026-03-02,UKGILT-5Y-YIELD,0.033926828173901885
2026-03-03,UKGILT-5Y-YIELD,0.033995455364872675
2026-03-04,UKGILT-5Y-YIELD,0.03403306607114667
2026-03-05,UKGILT-5Y-YIELD,0.03444885456496033
2026-03-06,UKGILT-5Y-YIELD,0.03486972671502723
2026-03-09,UKGILT-5Y-YIELD,0.03489501447255369
2026-03-10,UKGILT-5Y-YIELD,0.035117741214552294
2026-03-11,UKGILT-5Y-YIELD,0.0351312274074396
2026-03-12,UKGILT-5Y-YIELD,0.03498213817469459
2026-03-13,UKGILT-5Y-YIELD,0.035212590898069294
2026-03-16,UKGILT-5Y-YIELD,0.03518596263008192
2026-03-17,UKGILT-5Y-YIELD,0.03493097427396066
2026-03-18,UKGILT-5Y-YIELD,0.03448156644302895
2026-03-19,UKGILT-5Y-YIELD,0.03477919939165635
2026-03-20,UKGILT-5Y-YIELD,0.0344900313614605
2026-03-23,UKGILT-5Y-YIELD,0.03415686428124104
2026-03-24,UKGILT-5Y-YIELD,0.03407779225181378
2026-03-25,UKGILT-5Y-YIELD,0.0342996274605648
2026-03-26,UKGILT-5Y-YIELD,0.033781422788452586
2026-03-27,UKGILT-5Y-YIELD,0.033972452980155395
2026-03-30,UKGILT-5Y-YIELD,0.03408994467217881
2026-03-31,UKGILT-5Y-YIELD,0.03372517575043386
2026-04-01,UKGILT-5Y-YIELD,0.03338341502096327
2026-04-02,UKGILT-5Y-YIELD,0.03333107732073248
2026-04-03,UKGILT-5Y-YIELD,0.03391124384627828
2026-04-06,UKGILT-5Y-YIELD,0.03383601107804228
2026-04-07,UKGILT-5Y-YIELD,0.03416182848669154
2026-04-08,UKGILT-5Y-YIELD,0.034444957690610054
2026-04-09,UKGILT-5Y-YIELD,0.03396876378068977
2026-04-10,UKGILT-5Y-YIELD,0.03396837045261278
2026-04-13,UKGILT-5Y-YIELD,0.034264489043016946
2026-04-14,UKGILT-5Y-YIELD,0.0341153885776538
2026-04-15,UKGILT-5Y-YIELD,0.03448199063648262
2026-04-16,UKGILT-5Y-YIELD,0.03415875264269926
2026-04-17,UKGILT-5Y-YIELD,0.03371800415940212
2026-04-20,UKGILT-5Y-YIELD,0.03358652621584715
2026-04-21,UKGILT-5Y-YIELD,0.03378416229577544
2026-04-22,UKGILT-5Y-YIELD,0.03366913027135778
2026-04-23,UKGILT-5Y-YIELD,0.033946582240104294
2026-04-24,UKGILT-5Y-YIELD,0.03348424273353091
2026-04-27,UKGILT-5Y-YIELD,0.03331087964922258
2026-04-28,UKGILT-5Y-YIELD,0.03372261395127623
2026-04-29,UKGILT-5Y-YIELD,0.03298720838376758
2026-04-30,UKGILT-5Y-YIELD,0.03308139180058551
2026-05-01,UKGILT-5Y-YIELD,0.03281588527122432
2026-05-04,UKGILT-5Y-YIELD,0.03259401179812976
2026-05-05,UKGILT-5Y-YIELD,0.03249725376429494
2026-05-06,UKGILT-5Y-YIELD,0.03205772880404001
2026-05-07,UKGILT-5Y-YIELD,0.03233739700598605
2026-05-08,UKGILT-5Y-YIELD,0.03251373937580634
2026-05-11,UKGILT-5Y-YIELD,0.032881142128246756
2026-05-12,UKGILT-5Y-YIELD,0.03293180892403483
2026-05-13,UKGILT-5Y-YIELD,0.03264983081314815
2026-05-14,UKGILT-5Y-YIELD,0.03284576175459248
2026-05-15,UKGILT-5Y-YIELD,0.03244542254559835
2026-05-18,UKGILT-5Y-YIELD,0.032171667043789695
2026-05-19,UKGILT-5Y-YIELD,0.03280307737466252
2026-05-20,UKGILT-5Y-YIELD,0.03312766029087544
2026-05-21,UKGILT-5Y-YIELD,0.03326238392538624
2026-05-22,UKGILT-5Y-YIELD,0.03370942117893906
2026-05-25,UKGILT-5Y-YIELD,0.03362438795597477
2026-05-26,UKGILT-5Y-YIELD,0.03380286191385237
2026-05-27,UKGILT-5Y-YIELD,0.03356105855889904
2026-05-28,UKGILT-5Y-YIELD,0.03346341426942039
2026-05-29,UKGILT-5Y-YIELD,0.033492507715488555
2026-06-01,UKGILT-5Y-YIELD,0.033944235135604794
2026-06-02,UKGILT-5Y-YIELD,0.033737723452074736
2026-06-03,UKGILT-5Y-YIELD,0.034058291221533296
2026-06-04,UKGILT-5Y-YIELD,0.034058602867261936
2026-06-05,UKGILT-5Y-YIELD,0.03353305877008583
2026-06-08,UKGILT-5Y-YIELD,0.03295599764547463
2026-06-09,UKGILT-5Y-YIELD,0.03274966676042695
2026-06-10,UKGILT-5Y-YIELD,0.03307561002295203
2026-06-11,UKGILT-5Y-YIELD,0.03315649066013732
2026-06-12,UKGILT-5Y-YIELD,0.03370675053663043
2026-06-15,UKGILT-5Y-YIELD,0.03376471415250694
2026-06-16,UKGILT-5Y-YIELD,0.03419465887019373
2026-06-17,UKGILT-5Y-YIELD,0.03427360287560237
2026-06-18,UKGILT-5Y-YIELD,0.03400281045414599
2026-06-19,UKGILT-5Y-YIELD,0.034221489787430504
2026-06-22,UKGILT-5Y-YIELD,0.034001202086800575
2026-06-23,UKGILT-5Y-YIELD,0.03358000192401761
2026-06-24,UKGILT-5Y-YIELD,0.033357458916376065
2026-06-25,UKGILT-5Y-YIELD,0.03324387451570224
2026-06-26,UKGILT-5Y-YIELD,0.033322887213643876
2026-06-29,UKGILT-5Y-YIELD,0.03358323140895744
2026-06-30,UKGILT-5Y-YIELD,0.03377067958955463
2026-07-01,UKGILT-5Y-YIELD,0.03440442340278843
2026-07-02,UKGILT-5Y-YIELD,0.03381897181239991
2026-07-03,UKGILT-5Y-YIELD,0.033769136296452604
2026-07-06,UKGILT-5Y-YIELD,0.0345527121249242
2026-07-07,UKGILT-5Y-YIELD,0.03446348731790399
2026-07-08,UKGILT-5Y-YIELD,0.034089511902858485
2026-07-09,UKGILT-5Y-YIELD,0.033867337834568634
2026-07-10,UKGILT-5Y-YIELD,0.03358045894875881
2026-07-13,UKGILT-5Y-YIELD,0.033437329312161555
2026-07-14,UKGILT-5Y-YIELD,0.03396421626050653
2026-07-15,UKGILT-5Y-YIELD,0.03354903997935224
2026-07-16,UKGILT-5Y-YIELD,0.033345493265881876
2026-07-17,UKGILT-5Y-YIELD,0.03377877235803971
2026-07-20,UKGILT-5Y-YIELD,0.03387443338975275
2026-07-21,UKGILT-5Y-YIELD,0.033980098043114255
2026-07-22,UKGILT-5Y-YIELD,0.033872974405809345
2026-07-23,UKGILT-5Y-YIELD,0.03416337637006495
2026-07-24,UKGILT-5Y-YIELD,0.033863252721750114
2026-07-27,UKGILT-5Y-YIELD,0.03415835560473604
2026-07-28,UKGILT-5Y-YIELD,0.03420213693725632
2026-07-29,UKGILT-5Y-YIELD,0.03415237383710488
2026-07-30,UKGILT-5Y-YIELD,0.03399799892217282
2026-07-31,UKGILT-5Y-YIELD,0.03429148110743864
2026-08-03,UKGILT-5Y-YIELD,0.03440043220044825
2026-08-04,UKGILT-5Y-YIELD,0.03428956366804113
2026-08-05,UKGILT-5Y-YIELD,0.03433263736153146
2026-08-06,UKGILT-5Y-YIELD,0.03402390535502176
2026-08-07,UKGILT-5Y-YIELD,0.03441701508832262
2026-08-10,UKGILT-5Y-YIELD,0.034841372090415275
2026-08-11,UKGILT-5Y-YIELD,0.03519129381087081
2026-08-12,UKGILT-5Y-YIELD,0.03528711482602426
2026-08-13,UKGILT-5Y-YIELD,0.0354499243057311
2026-08-14,UKGILT-5Y-YIELD,0.035049692316013105
2026-08-17,UKGILT-5Y-YIELD,0.03494847086435377
2026-08-18,UKGILT-5Y-YIELD,0.03488449610427873
2026-08-19,UKGILT-5Y-YIELD,0.03485429634864222
2026-08-20,UKGILT-5Y-YIELD,0.03505423231843798
2026-08-21,UKGILT-5Y-YIELD,0.034931748337972815
2026-08-24,UKGILT-5Y-YIELD,0.034719465646214004
2026-08-25,UKGILT-5Y-YIELD,0.03509141493065103
2026-08-26,UKGILT-5Y-YIELD,0.035007488931376333
2026-08-27,UKGILT-5Y-YIELD,0.03482384467225557
2026-08-28,UKGILT-5Y-YIELD,0.034226812750534366
2026-08-31,UKGILT-5Y-YIELD,0.03382546538371845
2026-09-01,UKGILT-5Y-YIELD,0.03376493484068302
2026-09-02,UKGILT-5Y-YIELD,0.03385515033600247
2026-09-03,UKGILT-5Y-YIELD,0.033327384271376374
2026-09-04,UKGILT-5Y-YIELD,0.033329846117966966
2024-09-04,UKGILT-10Y-YIELD,0.042
2024-09-05,UKGILT-10Y-YIELD,0.0426492976076858
2024-09-06,UKGILT-10Y-YIELD,0.04293595977529451
2024-09-09,UKGILT-10Y-YIELD,0.04261189004838712
2024-09-10,UKGILT-10Y-YIELD,0.04243378751017443
2024-09-11,UKGILT-10Y-YIELD,0.042692153226875154
2024-09-12,UKGILT-10Y-YIELD,0.04267897289985256
2024-09-13,UKGILT-10Y-YIELD,0.043036718841177206
2024-09-16,UKGILT-10Y-YIELD,0.042454048983365814
2024-09-17,UKGILT-10Y-YIELD,0.04308792503118077
2024-09-18,UKGILT-10Y-YIELD,0.04365341981334319
2024-09-19,UKGILT-10Y-YIELD,0.043218960010813025
2024-09-20,UKGILT-10Y-YIELD,0.04313016955507721
2024-09-23,UKGILT-10Y-YIELD,0.04294908457591313
2024-09-24,UKGILT-10Y-YIELD,0.04283838637805801
2024-09-25,UKGILT-10Y-YIELD,0.04313713772647966
2024-09-26,UKGILT-10Y-YIELD,0.042991231503400874
2024-09-27,UKGILT-10Y-YIELD,0.04272451850997732
2024-09-30,UKGILT-10Y-YIELD,0.04295162648106914
2024-10-01,UKGILT-10Y-YIELD,0.043373493655806714
2024-10-02,UKGILT-10Y-YIELD,0.04325704887212885
2024-10-03,UKGILT-10Y-YIELD,0.04336513590445618
2024-10-04,UKGILT-10Y-YIELD,0.04294833476461496
2024-10-07,UKGILT-10Y-YIELD,0.04327213269724919
2024-10-08,UKGILT-10Y-YIELD,0.04398933460150073
2024-10-09,UKGILT-10Y-YIELD,0.04419525326743813
2024-10-10,UKGILT-10Y-YIELD,0.0442004598499768
2024-10-11,UKGILT-10Y-YIELD,0.04360017406997218
2024-10-14,UKGILT-10Y-YIELD,0.04352741671942116
2024-10-15,UKGILT-10Y-YIELD,0.042920740981519816
2024-10-16,UKGILT-10Y-YIELD,0.04318370235775093
2024-10-17,UKGILT-10Y-YIELD,0.043756518201041934
2024-10-18,UKGILT-10Y-YIELD,0.04420982355228297
2024-10-21,UKGILT-10Y-YIELD,0.04428517781870962
2024-10-22,UKGILT-10Y-YIELD,0.04446096389280818
2024-10-23,UKGILT-10Y-YIELD,0.04427611406542462
2024-10-24,UKGILT-10Y-YIELD,0.044370137094252124
2024-10-25,UKGILT-10Y-YIELD,0.04446390848787864
2024-10-28,UKGILT-10Y-YIELD,0.044482042331763456
2024-10-29,UKGILT-10Y-YIELD,0.043677932332029094
2024-10-30,UKGILT-10Y-YIELD,0.0437777714284252
2024-10-31,UKGILT-10Y-YIELD,0.043934227781607674
2024-11-01,UKGILT-10Y-YIELD,0.04371553454598009
2024-11-04,UKGILT-10Y-YIELD,0.04386100971043548
2024-11-05,UKGILT-10Y-YIELD,0.04412255561216014
2024-11-06,UKGILT-10Y-YIELD,0.04346555661275614
2024-11-07,UKGILT-10Y-YIELD,0.04375207687420932
2024-11-08,UKGILT-10Y-YIELD,0.0435963503217261
2024-11-11,UKGILT-10Y-YIELD,0.04323547405594557
2024-11-12,UKGILT-10Y-YIELD,0.04327493243714859
2024-11-13,UKGILT-10Y-YIELD,0.043018204392085306
2024-11-14,UKGILT-10Y-YIELD,0.04285620136129008
2024-11-15,UKGILT-10Y-YIELD,0.042525101964559685
2024-11-18,UKGILT-10Y-YIELD,0.042296856703533454
2024-11-19,UKGILT-10Y-YIELD,0.041900996754095275
2024-11-20,UKGILT-10Y-YIELD,0.041698087744874254
2024-11-21,UKGILT-10Y-YIELD,0.04134038642800377
2024-11-22,UKGILT-10Y-YIELD,0.04090285915878103
2024-11-25,UKGILT-10Y-YIELD,0.041216948857486176
2024-11-26,UKGILT-10Y-YIELD,0.04121050619707084
2024-11-27,UKGILT-10Y-YIELD,0.041328556158397464
2024-11-28,UKGILT-10Y-YIELD,0.04185237557777555
2024-11-29,UKGILT-10Y-YIELD,0.0420488070174698
2024-12-02,UKGILT-10Y-YIELD,0.042043513578997896
2024-12-03,UKGILT-10Y-YIELD,0.041693970787246355
2024-12-04,UKGILT-10Y-YIELD,0.041931798239899946
2024-12-05,UKGILT-10Y-YIELD,0.04207123574515935
2024-12-06,UKGILT-10Y-YIELD,0.042384560059449766
2024-12-09,UKGILT-10Y-YIELD,0.04233736716248802
2024-12-10,UKGILT-10Y-YIELD,0.04221533428591904
2024-12-11,UKGILT-10Y-YIELD,0.041558592065037356
2024-12-12,UKGILT-10Y-YIELD,0.041722116516452676
2024-12-13,UKGILT-10Y-YIELD,0.0412335537288145
2024-12-16,UKGILT-10Y-YIELD,0.041067992589910216
2024-12-17,UKGILT-10Y-YIELD,0.04120700155157862
2024-12-18,UKGILT-10Y-YIELD,0.04121306121320015
2024-12-19,UKGILT-10Y-YIELD,0.041167414451649516
2024-12-20,UKGILT-10Y-YIELD,0.04128932333869655
2024-12-23,UKGILT-10Y-YIELD,0.04072126446229289
2024-12-24,UKGILT-10Y-YIELD,0.04071879563600916
2024-12-25,UKGILT-10Y-YIELD,0.04109200257683717
2024-12-26,UKGILT-10Y-YIELD,0.04143362914621522
2024-12-27,UKGILT-10Y-YIELD,0.040950222383058385
2024-12-30,UKGILT-10Y-YIELD,0.041225494429057166
2024-12-31,UKGILT-10Y-YIELD,0.041342455127189266
2025-01-01,UKGILT-10Y-YIELD,0.04101773835058277
2025-01-02,UKGILT-10Y-YIELD,0.04057638974799675
2025-01-03,UKGILT-10Y-YIELD,0.04051130671505124
2025-01-06,UKGILT-10Y-YIELD,0.040922894773028226
2025-01-07,UKGILT-10Y-YIELD,0.04105307331110156
2025-01-08,UKGILT-10Y-YIELD,0.040739733905147804
2025-01-09,UKGILT-10Y-YIELD,0.04075294959969065
2025-01-10,UKGILT-10Y-YIELD,0.04105955180901084
2025-01-13,UKGILT-10Y-YIELD,0.041012495072637586
2025-01-14,UKGILT-10Y-YIELD,0.040849456558187745
2025-01-15,UKGILT-10Y-YIELD,0.040973789474189545
2025-01-16,UKGILT-10Y-YIELD,0.040306257338009334
2025-01-17,UKGILT-10Y-YIELD,0.04042279321057598
2025-01-20,UKGILT-10Y-YIELD,0.03997878048008585
2025-01-21,UKGILT-10Y-YIELD,0.03993199194539078
2025-01-22,UKGILT-10Y-YIELD,0.040023651567747356
2025-01-23,UKGILT-10Y-YIELD,0.03995931113979564
2025-01-24,UKGILT-10Y-YIELD,0.039706299395674875
2025-01-27,UKGILT-10Y-YIELD,0.03956671223433682
2025-01-28,UKGILT-10Y-YIELD,0.03979975035284267
2025-01-29,UKGILT-10Y-YIELD,0.03935942648474865
2025-01-30,UKGILT-10Y-YIELD,0.0390612569915643
2025-01-31,UKGILT-10Y-YIELD,0.039140183466107537
2025-02-03,UKGILT-10Y-YIELD,0.03936822097016632
2025-02-04,UKGILT-10Y-YIELD,0.03934378615998525
2025-02-05,UKGILT-10Y-YIELD,0.0391595594680318
2025-02-06,UKGILT-10Y-YIELD,0.03935847894124103
2025-02-07,UKGILT-10Y-YIELD,0.03921821601776265
2025-02-10,UKGILT-10Y-YIELD,0.039836359759507646
2025-02-11,UKGILT-10Y-YIELD,0.0402314117829329
2025-02-12,UKGILT-10Y-YIELD,0.040799462992392205
2025-02-13,UKGILT-10Y-YIELD,0.04048511483571214
2025-02-14,UKGILT-10Y-YIELD,0.04031902131510173
2025-02-17,UKGILT-10Y-YIELD,0.04021728716494291
2025-02-18,UKGILT-10Y-YIELD,0.0398136661802253
2025-02-19,UKGILT-10Y-YIELD,0.039633493556416516
2025-02-20,UKGILT-10Y-YIELD,0.03991270529852019
2025-02-21,UKGILT-10Y-YIELD,0.03958245508334259
2025-02-24,UKGILT-10Y-YIELD,0.03947573612671953
2025-02-25,UKGILT-10Y-YIELD,0.03992608559584415
2025-02-26,UKGILT-10Y-YIELD,0.0400070137950634
2025-02-27,UKGILT-10Y-YIELD,0.04014910357059927
2025-02-28,UKGILT-10Y-YIELD,0.04013974447589478
2025-03-03,UKGILT-10Y-YIELD,0.03992961434128623
2025-03-04,UKGILT-10Y-YIELD,0.039801418195637275
2025-03-05,UKGILT-10Y-YIELD,0.0398688936892712
2025-03-06,UKGILT-10Y-YIELD,0.039672793397286646
2025-03-07,UKGILT-10Y-YIELD,0.039673258757438906
2025-03-10,UKGILT-10Y-YIELD,0.03951926751638668
2025-03-11,UKGILT-10Y-YIELD,0.03947843712848562
2025-03-12,UKGILT-10Y-YIELD,0.039950422189053744
2025-03-13,UKGILT-10Y-YIELD,0.04012843003760505
2025-03-14,UKGILT-10Y-YIELD,0.03971060190424297
2025-03-17,UKGILT-10Y-YIELD,0.0396387429460104
2025-03-18,UKGILT-10Y-YIELD,0.04019730929508945
2025-03-19,UKGILT-10Y-YIELD,0.04074965276780396
2025-03-20,UKGILT-10Y-YIELD,0.04037508990424445
2025-03-21,UKGILT-10Y-YIELD,0.04049984243576473
2025-03-24,UKGILT-10Y-YIELD,0.040490145551055734
2025-03-25,UKGILT-10Y-YIELD,0.03969628372211942
2025-03-26,UKGILT-10Y-YIELD,0.03977677561535931
2025-03-27,UKGILT-10Y-YIELD,0.04038463596981857
2025-03-28,UKGILT-10Y-YIELD,0.040151094689095876
2025-03-31,UKGILT-10Y-YIELD,0.040045913603302466
2025-04-01,UKGILT-10Y-YIELD,0.040330972803540484
2025-04-02,UKGILT-10Y-YIELD,0.04018091359810054
2025-04-03,UKGILT-10Y-YIELD,0.0400311622193603
2025-04-04,UKGILT-10Y-YIELD,0.04010711268314302
2025-04-07,UKGILT-10Y-YIELD,0.03964866286911465
2025-04-08,UKGILT-10Y-YIELD,0.0397915815117337
2025-04-09,UKGILT-10Y-YIELD,0.039370987795240675
2025-04-10,UKGILT-10Y-YIELD,0.03937677905682983
2025-04-11,UKGILT-10Y-YIELD,0.03962025376876195
2025-04-14,UKGILT-10Y-YIELD,0.04012326690928031
2025-04-15,UKGILT-10Y-YIELD,0.03987181316440924
2025-04-16,UKGILT-10Y-YIELD,0.039934044756002714
2025-04-17,UKGILT-10Y-YIELD,0.040000264551225885
2025-04-18,UKGILT-10Y-YIELD,0.03942985799892288
2025-04-21,UKGILT-10Y-YIELD,0.03938974982347796
2025-04-22,UKGILT-10Y-YIELD,0.03945145173634237
2025-04-23,UKGILT-10Y-YIELD,0.03961140814419233
2025-04-24,UKGILT-10Y-YIELD,0.04021572059253544
2025-04-25,UKGILT-10Y-YIELD,0.040242013184412284
2025-04-28,UKGILT-10Y-YIELD,0.04021614316034397
2025-04-29,UKGILT-10Y-YIELD,0.040182536026263316
2025-04-30,UKGILT-10Y-YIELD,0.040169643359706346
2025-05-01,UKGILT-10Y-YIELD,0.0403108188164271
2025-05-02,UKGILT-10Y-YIELD,0.040790822707015104
2025-05-05,UKGILT-10Y-YIELD,0.04045817759359361
2025-05-06,UKGILT-10Y-YIELD,0.04045772230489177
2025-05-07,UKGILT-10Y-YIELD,0.039709439946488054
2025-05-08,UKGILT-10Y-YIELD,0.039183085838686196
2025-05-09,UKGILT-10Y-YIELD,0.0392213130389742
2025-05-12,UKGILT-10Y-YIELD,0.0385559966232288
2025-05-13,UKGILT-10Y-YIELD,0.0386470692535993
2025-05-14,UKGILT-10Y-YIELD,0.039034215454149895
2025-05-15,UKGILT-10Y-YIELD,0.038756068800360824
2025-05-16,UKGILT-10Y-YIELD,0.03852122921106333
2025-05-19,UKGILT-10Y-YIELD,0.03850963223368371
2025-05-20,UKGILT-10Y-YIELD,0.038334780025719876
2025-05-21,UKGILT-10Y-YIELD,0.03830283731215211
2025-05-22,UKGILT-10Y-YIELD,0.03807068728965515
2025-05-23,UKGILT-10Y-YIELD,0.03832278449546879
2025-05-26,UKGILT-10Y-YIELD,0.038402389787443786
2025-05-27,UKGILT-10Y-YIELD,0.03836627255655921
2025-05-28,UKGILT-10Y-YIELD,0.0376557956940615
2025-05-29,UKGILT-10Y-YIELD,0.037422496384922024
2025-05-30,UKGILT-10Y-YIELD,0.03741916286019652
2025-06-02,UKGILT-10Y-YIELD,0.03761921550618066
2025-06-03,UKGILT-10Y-YIELD,0.03740043325333621
2025-06-04,UKGILT-10Y-YIELD,0.03757039933670045
2025-06-05,UKGILT-10Y-YIELD,0.03781544993886136
2025-06-06,UKGILT-10Y-YIELD,0.037614765359405195
2025-06-09,UKGILT-10Y-YIELD,0.037823053504550445
2025-06-10,UKGILT-10Y-YIELD,0.03775170698989172
2025-06-11,UKGILT-10Y-YIELD,0.03739497607712452
2025-06-12,UKGILT-10Y-YIELD,0.0373650330706655
2025-06-13,UKGILT-10Y-YIELD,0.03775212391031797
2025-06-16,UKGILT-10Y-YIELD,0.03785742874737645
2025-06-17,UKGILT-10Y-YIELD,0.03784834925370852
2025-06-18,UKGILT-10Y-YIELD,0.03809006659517227
2025-06-19,UKGILT-10Y-YIELD,0.03829403672901395
2025-06-20,UKGILT-10Y-YIELD,0.03834030602033197
2025-06-23,UKGILT-10Y-YIELD,0.03776026111024998
2025-06-24,UKGILT-10Y-YIELD,0.03696888815620359
2025-06-25,UKGILT-10Y-YIELD,0.036452098472264244
2025-06-26,UKGILT-10Y-YIELD,0.036937473717953445
2025-06-27,UKGILT-10Y-YIELD,0.03712735486930237
2025-06-30,UKGILT-10Y-YIELD,0.036627077300809295
2025-07-01,UKGILT-10Y-YIELD,0.036840094872599954
2025-07-02,UKGILT-10Y-YIELD,0.03638138657755555
2025-07-03,UKGILT-10Y-YIELD,0.03640836018886045
2025-07-04,UKGILT-10Y-YIELD,0.036658657333392936
2025-07-07,UKGILT-10Y-YIELD,0.03658859629496214
2025-07-08,UKGILT-10Y-YIELD,0.03679907851518573
2025-07-09,UKGILT-10Y-YIELD,0.037029602483311955
2025-07-10,UKGILT-10Y-YIELD,0.03647640144212223
2025-07-11,UKGILT-10Y-YIELD,0.03641014062363736
2025-07-14,UKGILT-10Y-YIELD,0.03651428431413988
2025-07-15,UKGILT-10Y-YIELD,0.03631298320571528
2025-07-16,UKGILT-10Y-YIELD,0.035851429260469206
2025-07-17,UKGILT-10Y-YIELD,0.03624644514455535
2025-07-18,UKGILT-10Y-YIELD,0.03627427959136481
2025-07-21,UKGILT-10Y-YIELD,0.03604649677993468
2025-07-22,UKGILT-10Y-YIELD,0.03572213364243071
2025-07-23,UKGILT-10Y-YIELD,0.035653699026462225
2025-07-24,UKGILT-10Y-YIELD,0.03595886825229726
2025-07-25,UKGILT-10Y-YIELD,0.03575848125107632
2025-07-28,UKGILT-10Y-YIELD,0.035860250126927104
2025-07-29,UKGILT-10Y-YIELD,0.03590184859777921
2025-07-30,UKGILT-10Y-YIELD,0.03578782177552726
2025-07-31,UKGILT-10Y-YIELD,0.03574544130149378
2025-08-01,UKGILT-10Y-YIELD,0.03571994551024404
2025-08-04,UKGILT-10Y-YIELD,0.03538923152122763
2025-08-05,UKGILT-10Y-YIELD,0.03491294500257315
2025-08-06,UKGILT-10Y-YIELD,0.035080367912604854
2025-08-07,UKGILT-10Y-YIELD,0.03547353357517184
2025-08-08,UKGILT-10Y-YIELD,0.03560734060086909
2025-08-11,UKGILT-10Y-YIELD,0.03531232782261769
2025-08-12,UKGILT-10Y-YIELD,0.035283551781867185
2025-08-13,UKGILT-10Y-YIELD,0.035086402957585985
2025-08-14,UKGILT-10Y-YIELD,0.03463167217241465
2025-08-15,UKGILT-10Y-YIELD,0.03429062223909978
2025-08-18,UKGILT-10Y-YIELD,0.03408410527915626
2025-08-19,UKGILT-10Y-YIELD,0.03421166103930951
2025-08-20,UKGILT-10Y-YIELD,0.03383652878255551
2025-08-21,UKGILT-10Y-YIELD,0.034143729629223185
2025-08-22,UKGILT-10Y-YIELD,0.03411962937714231
2025-08-25,UKGILT-10Y-YIELD,0.03444654630605246
2025-08-26,UKGILT-10Y-YIELD,0.03471248287196284
2025-08-27,UKGILT-10Y-YIELD,0.03474061086630534
2025-08-28,UKGILT-10Y-YIELD,0.034747657117084434
2025-08-29,UKGILT-10Y-YIELD,0.034814529732479435
2025-09-01,UKGILT-10Y-YIELD,0.03487903827828456
2025-09-02,UKGILT-10Y-YIELD,0.03506939616619124
2025-09-03,UKGILT-10Y-YIELD,0.03559769750667987
2025-09-04,UKGILT-10Y-YIELD,0.035767220735712126
2025-09-05,UKGILT-10Y-YIELD,0.036221454391950125
2025-09-08,UKGILT-10Y-YIELD,0.03648849305555857
2025-09-09,UKGILT-10Y-YIELD,0.03636349921889404
2025-09-10,UKGILT-10Y-YIELD,0.03649736221848078
2025-09-11,UKGILT-10Y-YIELD,0.03667424772332034
2025-09-12,UKGILT-10Y-YIELD,0.03692053228626141
2025-09-15,UKGILT-10Y-YIELD,0.036790267819237436
2025-09-16,UKGILT-10Y-YIELD,0.03709851790385722
2025-09-17,UKGILT-10Y-YIELD,0.03690362428616117
2025-09-18,UKGILT-10Y-YIELD,0.03683366513298322
2025-09-19,UKGILT-10Y-YIELD,0.037011176485869546
2025-09-22,UKGILT-10Y-YIELD,0.03704234391581223
2025-09-23,UKGILT-10Y-YIELD,0.036766512287538196
2025-09-24,UKGILT-10Y-YIELD,0.03636376101911912
2025-09-25,UKGILT-10Y-YIELD,0.03618925954995606
2025-09-26,UKGILT-10Y-YIELD,0.035960350660379246
2025-09-29,UKGILT-10Y-YIELD,0.03657976908867394
2025-09-30,UKGILT-10Y-YIELD,0.03624648291585286
2025-10-01,UKGILT-10Y-YIELD,0.035800583781944194
2025-10-02,UKGILT-10Y-YIELD,0.036438363426252396
2025-10-03,UKGILT-10Y-YIELD,0.03591678586502579
2025-10-06,UKGILT-10Y-YIELD,0.035718196575422384
2025-10-07,UKGILT-10Y-YIELD,0.03584557198933967
2025-10-08,UKGILT-10Y-YIELD,0.035828667140694354
2025-10-09,UKGILT-10Y-YIELD,0.035900418530788465
2025-10-10,UKGILT-10Y-YIELD,0.03634181379767337
2025-10-13,UKGILT-10Y-YIELD,0.037020245088280945
2025-10-14,UKGILT-10Y-YIELD,0.03706456622085044
2025-10-15,UKGILT-10Y-YIELD,0.037151833433305574
2025-10-16,UKGILT-10Y-YIELD,0.03703707548458115
2025-10-17,UKGILT-10Y-YIELD,0.03685291895921332
2025-10-20,UKGILT-10Y-YIELD,0.03669580367424042
2025-10-21,UKGILT-10Y-YIELD,0.03673332794629586
2025-10-22,UKGILT-10Y-YIELD,0.03655776258082263
2025-10-23,UKGILT-10Y-YIELD,0.03661345448343296
2025-10-24,UKGILT-10Y-YIELD,0.03643986670815629
2025-10-27,UKGILT-10Y-YIELD,0.03607845505830437
2025-10-28,UKGILT-10Y-YIELD,0.035937107726422925
2025-10-29,UKGILT-10Y-YIELD,0.035818023456854274
2025-10-30,UKGILT-10Y-YIELD,0.035621949269604256
2025-10-31,UKGILT-10Y-YIELD,0.03544775472682305
2025-11-03,UKGILT-10Y-YIELD,0.035561093342419636
2025-11-04,UKGILT-10Y-YIELD,0.03512280925707704
2025-11-05,UKGILT-10Y-YIELD,0.0353492528073674
2025-11-06,UKGILT-10Y-YIELD,0.0351196800087779
2025-11-07,UKGILT-10Y-YIELD,0.035030796208515846
2025-11-10,UKGILT-10Y-YIELD,0.035355794755819264
2025-11-11,UKGILT-10Y-YIELD,0.03558632488492971
2025-11-12,UKGILT-10Y-YIELD,0.034989513953390415
2025-11-13,UKGILT-10Y-YIELD,0.035044100969097075
2025-11-14,UKGILT-10Y-YIELD,0.035400388611270414
2025-11-17,UKGILT-10Y-YIELD,0.035066158031382695
2025-11-18,UKGILT-10Y-YIELD,0.034881078452106605
2025-11-19,UKGILT-10Y-YIELD,0.035237135214208494
2025-11-20,UKGILT-10Y-YIELD,0.03480552860588299
2025-11-21,UKGILT-10Y-YIELD,0.035286088047449954
2025-11-24,UKGILT-10Y-YIELD,0.03483919889811513
2025-11-25,UKGILT-10Y-YIELD,0.03457664980943549
2025-11-26,UKGILT-10Y-YIELD,0.03436462285390906
2025-11-27,UKGILT-10Y-YIELD,0.03418672131416617
2025-11-28,UKGILT-10Y-YIELD,0.03436997689976425
2025-12-01,UKGILT-10Y-YIELD,0.03444881599976809
2025-12-02,UKGILT-10Y-YIELD,0.034454698221146496
2025-12-03,UKGILT-10Y-YIELD,0.03447359816194476
2025-12-04,UKGILT-10Y-YIELD,0.033941792346647945
2025-12-05,UKGILT-10Y-YIELD,0.03370400554213753
2025-12-08,UKGILT-10Y-YIELD,0.03398139068788679
2025-12-09,UKGILT-10Y-YIELD,0.033574690748515726
2025-12-10,UKGILT-10Y-YIELD,0.0339475943044424
2025-12-11,UKGILT-10Y-YIELD,0.03384654554913878
2025-12-12,UKGILT-10Y-YIELD,0.033489552951718016
2025-12-15,UKGILT-10Y-YIELD,0.033676728000008246
2025-12-16,UKGILT-10Y-YIELD,0.033854593045854725
2025-12-17,UKGILT-10Y-YIELD,0.03360621259352477
2025-12-18,UKGILT-10Y-YIELD,0.03338629691074165
2025-12-19,UKGILT-10Y-YIELD,0.033080176960577044
2025-12-22,UKGILT-10Y-YIELD,0.03284418622641731
2025-12-23,UKGILT-10Y-YIELD,0.03210120905459469
2025-12-24,UKGILT-10Y-YIELD,0.031847821975095364
2025-12-25,UKGILT-10Y-YIELD,0.03218225036041696
2025-12-26,UKGILT-10Y-YIELD,0.03198193897269688
2025-12-29,UKGILT-10Y-YIELD,0.03205154894162468
2025-12-30,UKGILT-10Y-YIELD,0.03225445320318854
2025-12-31,UKGILT-10Y-YIELD,0.03225869103220748
2026-01-01,UKGILT-10Y-YIELD,0.03206809645857388
2026-01-02,UKGILT-10Y-YIELD,0.03186009625886128
2026-01-05,UKGILT-10Y-YIELD,0.03165042626246242
2026-01-06,UKGILT-10Y-YIELD,0.031704011998735473
2026-01-07,UKGILT-10Y-YIELD,0.03154763813751778
2026-01-08,UKGILT-10Y-YIELD,0.0317314910949479
2026-01-09,UKGILT-10Y-YIELD,0.032225675158386105
2026-01-12,UKGILT-10Y-YIELD,0.03233978036987159
2026-01-13,UKGILT-10Y-YIELD,0.0318730516688259
2026-01-14,UKGILT-10Y-YIELD,0.03193821960231373
2026-01-15,UKGILT-10Y-YIELD,0.03184186691081362
2026-01-16,UKGILT-10Y-YIELD,0.031683258409543655
2026-01-19,UKGILT-10Y-YIELD,0.03142514440326239
2026-01-20,UKGILT-10Y-YIELD,0.03130903478678406
2026-01-21,UKGILT-10Y-YIELD,0.03223959702900683
2026-01-22,UKGILT-10Y-YIELD,0.03314336342050145
2026-01-23,UKGILT-10Y-YIELD,0.03363725407419995
2026-01-26,UKGILT-10Y-YIELD,0.033331239253232725
2026-01-27,UKGILT-10Y-YIELD,0.033349559893013414
2026-01-28,UKGILT-10Y-YIELD,0.03364251912824792
2026-01-29,UKGILT-10Y-YIELD,0.033511082166111
2026-01-30,UKGILT-10Y-YIELD,0.033667008298611294
2026-02-02,UKGILT-10Y-YIELD,0.03397164168486635
2026-02-03,UKGILT-10Y-YIELD,0.03441048722893315
2026-02-04,UKGILT-10Y-YIELD,0.03451544745862863
2026-02-05,UKGILT-10Y-YIELD,0.03458717242544605
2026-02-06,UKGILT-10Y-YIELD,0.03448530639737084
2026-02-09,UKGILT-10Y-YIELD,0.034353426677579964
2026-02-10,UKGILT-10Y-YIELD,0.03436309096874917
2026-02-11,UKGILT-10Y-YIELD,0.03429529766768169
2026-02-12,UKGILT-10Y-YIELD,0.03449788235278349
2026-02-13,UKGILT-10Y-YIELD,0.03456071304554928
2026-02-16,UKGILT-10Y-YIELD,0.034459596464858265
2026-02-17,UKGILT-10Y-YIELD,0.03487084766169077
2026-02-18,UKGILT-10Y-YIELD,0.03473764880760143
2026-02-19,UKGILT-10Y-YIELD,0.034884929541969534
2026-02-20,UKGILT-10Y-YIELD,0.03500133512134482
2026-02-23,UKGILT-10Y-YIELD,0.034790417652286514
2026-02-24,UKGILT-10Y-YIELD,0.03475279425249854
2026-02-25,UKGILT-10Y-YIELD,0.034790161836988624
2026-02-26,UKGILT-10Y-YIELD,0.03458501800917771
2026-02-27,UKGILT-10Y-YIELD,0.034153958606447196
2026-03-02,UKGILT-10Y-YIELD,0.03490886863657562
2026-03-03,UKGILT-10Y-YIELD,0.03467903313945709
2026-03-04,UKGILT-10Y-YIELD,0.03454485324740749
2026-03-05,UKGILT-10Y-YIELD,0.034429138163365826
2026-03-06,UKGILT-10Y-YIELD,0.034386980106856854
2026-03-09,UKGILT-10Y-YIELD,0.03460714810672162
2026-03-10,UKGILT-10Y-YIELD,0.034810135369330024
2026-03-11,UKGILT-10Y-YIELD,0.034595263599222666
2026-03-12,UKGILT-10Y-YIELD,0.03466386797430175
2026-03-13,UKGILT-10Y-YIELD,0.0348272897276691
2026-03-16,UKGILT-10Y-YIELD,0.0347333359580182
2026-03-17,UKGILT-10Y-YIELD,0.035031667857275746
2026-03-18,UKGILT-10Y-YIELD,0.03507464732287929
2026-03-19,UKGILT-10Y-YIELD,0.03531556481661894
2026-03-20,UKGILT-10Y-YIELD,0.034975097787308645
2026-03-23,UKGILT-10Y-YIELD,0.0354771726273
2026-03-24,UKGILT-10Y-YIELD,0.03540231483805717
2026-03-25,UKGILT-10Y-YIELD,0.03508048883831918
2026-03-26,UKGILT-10Y-YIELD,0.034795146563913394
2026-03-27,UKGILT-10Y-YIELD,0.03454691921490908
2026-03-30,UKGILT-10Y-YIELD,0.03462870279347059
2026-03-31,UKGILT-10Y-YIELD,0.03394114822230336
2026-04-01,UKGILT-10Y-YIELD,0.03364201113195486
2026-04-02,UKGILT-10Y-YIELD,0.03396205336386401
2026-04-03,UKGILT-10Y-YIELD,0.03432798316301953
2026-04-06,UKGILT-10Y-YIELD,0.034005861074457966
2026-04-07,UKGILT-10Y-YIELD,0.0340524228205914
2026-04-08,UKGILT-10Y-YIELD,0.034126127220113614
2026-04-09,UKGILT-10Y-YIELD,0.03406624147657556
2026-04-10,UKGILT-10Y-YIELD,0.03390873930211088
2026-04-13,UKGILT-10Y-YIELD,0.034167202315537125
2026-04-14,UKGILT-10Y-YIELD,0.03410410696961603
2026-04-15,UKGILT-10Y-YIELD,0.03418343670173231
2026-04-16,UKGILT-10Y-YIELD,0.0344394109236388
2026-04-17,UKGILT-10Y-YIELD,0.03417740352279854
2026-04-20,UKGILT-10Y-YIELD,0.03392646175532577
2026-04-21,UKGILT-10Y-YIELD,0.03461828398878677
2026-04-22,UKGILT-10Y-YIELD,0.03434087612104686
2026-04-23,UKGILT-10Y-YIELD,0.03470225549835079
2026-04-24,UKGILT-10Y-YIELD,0.035082147922483264
2026-04-27,UKGILT-10Y-YIELD,0.03513817563144819
2026-04-28,UKGILT-10Y-YIELD,0.035070738071180836
2026-04-29,UKGILT-10Y-YIELD,0.03507210076363606
2026-04-30,UKGILT-10Y-YIELD,0.03487584237358757
2026-05-01,UKGILT-10Y-YIELD,0.03490796306470411
2026-05-04,UKGILT-10Y-YIELD,0.034868983072859266
2026-05-05,UKGILT-10Y-YIELD,0.03473589328444888
2026-05-06,UKGILT-10Y-YIELD,0.03465283701894114
2026-05-07,UKGILT-10Y-YIELD,0.03492783090207202
2026-05-08,UKGILT-10Y-YIELD,0.034956389280989694
2026-05-11,UKGILT-10Y-YIELD,0.03491715600233207
2026-05-12,UKGILT-10Y-YIELD,0.03551310705031852
2026-05-13,UKGILT-10Y-YIELD,0.035531428394254036
2026-05-14,UKGILT-10Y-YIELD,0.03574077287866168
2026-05-15,UKGILT-10Y-YIELD,0.03550392654965663
2026-05-18,UKGILT-10Y-YIELD,0.03521458442319694
2026-05-19,UKGILT-10Y-YIELD,0.03538179385106985
2026-05-20,UKGILT-10Y-YIELD,0.035692518412640345
2026-05-21,UKGILT-10Y-YIELD,0.03482475666167488
2026-05-22,UKGILT-10Y-YIELD,0.03504888140375409
2026-05-25,UKGILT-10Y-YIELD,0.03530249904388346
2026-05-26,UKGILT-10Y-YIELD,0.035331136889165476
2026-05-27,UKGILT-10Y-YIELD,0.035541288129265915
2026-05-28,UKGILT-10Y-YIELD,0.03524510031324361
2026-05-29,UKGILT-10Y-YIELD,0.03537700459050692
2026-06-01,UKGILT-10Y-YIELD,0.03506042508585866
2026-06-02,UKGILT-10Y-YIELD,0.03500109605326275
2026-06-03,UKGILT-10Y-YIELD,0.034898444276385235
2026-06-04,UKGILT-10Y-YIELD,0.03495323512168285
2026-06-05,UKGILT-10Y-YIELD,0.03455959102703579
2026-06-08,UKGILT-10Y-YIELD,0.034645653541124866
2026-06-09,UKGILT-10Y-YIELD,0.03475858261787119
2026-06-10,UKGILT-10Y-YIELD,0.035104415925063824
2026-06-11,UKGILT-10Y-YIELD,0.03493408273081048
2026-06-12,UKGILT-10Y-YIELD,0.03508362760451358
2026-06-15,UKGILT-10Y-YIELD,0.03488818340737408
2026-06-16,UKGILT-10Y-YIELD,0.035039792088649976
2026-06-17,UKGILT-10Y-YIELD,0.03484729403760642
2026-06-18,UKGILT-10Y-YIELD,0.03452643943399722
2026-06-19,UKGILT-10Y-YIELD,0.03434795922722092
2026-06-22,UKGILT-10Y-YIELD,0.03481029634533454
2026-06-23,UKGILT-10Y-YIELD,0.0352429446672843
2026-06-24,UKGILT-10Y-YIELD,0.03526647235882013
2026-06-25,UKGILT-10Y-YIELD,0.03530168323941524
2026-06-26,UKGILT-10Y-YIELD,0.03541609452714186
2026-06-29,UKGILT-10Y-YIELD,0.03497545748926595
2026-06-30,UKGILT-10Y-YIELD,0.035567607831530686
2026-07-01,UKGILT-10Y-YIELD,0.035290890879704655
2026-07-02,UKGILT-10Y-YIELD,0.03493442335721384
2026-07-03,UKGILT-10Y-YIELD,0.03488372771187935
2026-07-06,UKGILT-10Y-YIELD,0.03459873068715612
2026-07-07,UKGILT-10Y-YIELD,0.03469496509013611
2026-07-08,UKGILT-10Y-YIELD,0.03488915210442917
2026-07-09,UKGILT-10Y-YIELD,0.034793000961811885
2026-07-10,UKGILT-10Y-YIELD,0.0348438930989969
2026-07-13,UKGILT-10Y-YIELD,0.03466584362106416
2026-07-14,UKGILT-10Y-YIELD,0.034165329254093664
2026-07-15,UKGILT-10Y-YIELD,0.033794241555378385
2026-07-16,UKGILT-10Y-YIELD,0.034385789740993
2026-07-17,UKGILT-10Y-YIELD,0.03435396018391716
2026-07-20,UKGILT-10Y-YIELD,0.033809822603329126
2026-07-21,UKGILT-10Y-YIELD,0.033475914719402936
2026-07-22,UKGILT-10Y-YIELD,0.03322176215175632
2026-07-23,UKGILT-10Y-YIELD,0.033442811509743174
2026-07-24,UKGILT-10Y-YIELD,0.033476740588099074
2026-07-27,UKGILT-10Y-YIELD,0.03390459366214346
2026-07-28,UKGILT-10Y-YIELD,0.03446933485524762
2026-07-29,UKGILT-10Y-YIELD,0.034651621120134306
2026-07-30,UKGILT-10Y-YIELD,0.034814688018004095
2026-07-31,UKGILT-10Y-YIELD,0.035184458893480666
2026-08-03,UKGILT-10Y-YIELD,0.03506558841046713
2026-08-04,UKGILT-10Y-YIELD,0.034988413820204914
2026-08-05,UKGILT-10Y-YIELD,0.034497230805293794
2026-08-06,UKGILT-10Y-YIELD,0.03473207152553348
2026-08-07,UKGILT-10Y-YIELD,0.034475568430964845
2026-08-10,UKGILT-10Y-YIELD,0.03456139164976108
2026-08-11,UKGILT-10Y-YIELD,0.0352808172245724
2026-08-12,UKGILT-10Y-YIELD,0.03488382079797714
2026-08-13,UKGILT-10Y-YIELD,0.034738385981861644
2026-08-14,UKGILT-10Y-YIELD,0.03443455229844296
2026-08-17,UKGILT-10Y-YIELD,0.03409403819504097
2026-08-18,UKGILT-10Y-YIELD,0.03430467710185102
2026-08-19,UKGILT-10Y-YIELD,0.03382070656853152
2026-08-20,UKGILT-10Y-YIELD,0.03390408542620257
2026-08-21,UKGILT-10Y-YIELD,0.03392365994758914
2026-08-24,UKGILT-10Y-YIELD,0.03423258288128999
2026-08-25,UKGILT-10Y-YIELD,0.033695358010751394
2026-08-26,UKGILT-10Y-YIELD,0.033313706784129773
2026-08-27,UKGILT-10Y-YIELD,0.033599129245507495
2026-08-28,UKGILT-10Y-YIELD,0.033042322574146396
2026-08-31,UKGILT-10Y-YIELD,0.033081833589206834
2026-09-01,UKGILT-10Y-YIELD,0.03340495963986252
2026-09-02,UKGILT-10Y-YIELD,0.03293625634945793
2026-09-03,UKGILT-10Y-YIELD,0.03260323625058522
2026-09-04,UKGILT-10Y-YIELD,0.032849232556180524
2024-09-04,BUND-5Y-YIELD,0.025
2024-09-05,BUND-5Y-YIELD,0.024616064762807466
2024-09-06,BUND-5Y-YIELD,0.024810510496610406
2024-09-09,BUND-5Y-YIELD,0.02445063636380238
2024-09-10,BUND-5Y-YIELD,0.02477217657323705
2024-09-11,BUND-5Y-YIELD,0.02430535511276379
2024-09-12,BUND-5Y-YIELD,0.02409219582385354
2024-09-13,BUND-5Y-YIELD,0.023910197564871113
2024-09-16,BUND-5Y-YIELD,0.023278600792650678
2024-09-17,BUND-5Y-YIELD,0.023534432912335472
2024-09-18,BUND-5Y-YIELD,0.023069016929412472
2024-09-19,BUND-5Y-YIELD,0.02267683856575752
2024-09-20,BUND-5Y-YIELD,0.02250742965581264
2024-09-23,BUND-5Y-YIELD,0.022730700889952018
2024-09-24,BUND-5Y-YIELD,0.022486696724810677
2024-09-25,BUND-5Y-YIELD,0.023083331701621995
2024-09-26,BUND-5Y-YIELD,0.023075852103247026
2024-09-27,BUND-5Y-YIELD,0.0229891363809086
2024-09-30,BUND-5Y-YIELD,0.023123714200293303
2024-10-01,BUND-5Y-YIELD,0.023084363509485523
2024-10-02,BUND-5Y-YIELD,0.022767052435421733
2024-10-03,BUND-5Y-YIELD,0.022602091616274318
2024-10-04,BUND-5Y-YIELD,0.022652115975092032
2024-10-07,BUND-5Y-YIELD,0.023125202861879097
2024-10-08,BUND-5Y-YIELD,0.023204236620819423
2024-10-09,BUND-5Y-YIELD,0.023346899181608097
2024-10-10,BUND-5Y-YIELD,0.02267563419818491
2024-10-11,BUND-5Y-YIELD,0.022595306216650374
2024-10-14,BUND-5Y-YIELD,0.022586929759285886
2024-10-15,BUND-5Y-YIELD,0.02311484245170225
2024-10-16,BUND-5Y-YIELD,0.02359299939578131
2024-10-17,BUND-5Y-YIELD,0.023628573525093597
2024-10-18,BUND-5Y-YIELD,0.023786984887886917
2024-10-21,BUND-5Y-YIELD,0.02376612022701068
2024-10-22,BUND-5Y-YIELD,0.023546946172224824
2024-10-23,BUND-5Y-YIELD,0.02355175230428629
2024-10-24,BUND-5Y-YIELD,0.023438553242462128
2024-10-25,BUND-5Y-YIELD,0.023535342422957007
2024-10-28,BUND-5Y-YIELD,0.023739936035060114
2024-10-29,BUND-5Y-YIELD,0.02367955316641795
2024-10-30,BUND-5Y-YIELD,0.024013897742944313
2024-10-31,BUND-5Y-YIELD,0.023674547729318547
2024-11-01,BUND-5Y-YIELD,0.02367838878131545
2024-11-04,BUND-5Y-YIELD,0.0237386117420514
2024-11-05,BUND-5Y-YIELD,0.02318723375774225
2024-11-06,BUND-5Y-YIELD,0.023374125686976794
2024-11-07,BUND-5Y-YIELD,0.023589644057496497
2024-11-08,BUND-5Y-YIELD,0.02410628146354429
2024-11-11,BUND-5Y-YIELD,0.02409283810577716
2024-11-12,BUND-5Y-YIELD,0.02427570058667519
2024-11-13,BUND-5Y-YIELD,0.024472003618239476
2024-11-14,BUND-5Y-YIELD,0.023981391602104402
2024-11-15,BUND-5Y-YIELD,0.024071687431028995
2024-11-18,BUND-5Y-YIELD,0.023638741249471747
2024-11-19,BUND-5Y-YIELD,0.02372567448820613
2024-11-20,BUND-5Y-YIELD,0.023944945274685013
2024-11-21,BUND-5Y-YIELD,0.02402765558574281
2024-11-22,BUND-5Y-YIELD,0.023411242475334763
2024-11-25,BUND-5Y-YIELD,0.023850988942665352
2024-11-26,BUND-5Y-YIELD,0.023942809307673087
2024-11-27,BUND-5Y-YIELD,0.024243747957961876
2024-11-28,BUND-5Y-YIELD,0.024038171649222995
2024-11-29,BUND-5Y-YIELD,0.02392153711463824
2024-12-02,BUND-5Y-YIELD,0.02454826802817966
2024-12-03,BUND-5Y-YIELD,0.024489635126523912
2024-12-04,BUND-5Y-YIELD,0.02436109589650871
2024-12-05,BUND-5Y-YIELD,0.024249810637614194
2024-12-06,BUND-5Y-YIELD,0.024551027954456326
2024-12-09,BUND-5Y-YIELD,0.024078682585124356
2024-12-10,BUND-5Y-YIELD,0.023983182754416476
2024-12-11,BUND-5Y-YIELD,0.023716558347132922
2024-12-12,BUND-5Y-YIELD,0.024469323583361863
2024-12-13,BUND-5Y-YIELD,0.024795681849243738
2024-12-16,BUND-5Y-YIELD,0.024827009622390935
2024-12-17,BUND-5Y-YIELD,0.02489770243692758
2024-12-18,BUND-5Y-YIELD,0.024830325925869468
2024-12-19,BUND-5Y-YIELD,0.024698953381896992
2024-12-20,BUND-5Y-YIELD,0.024649969234302835
2024-12-23,BUND-5Y-YIELD,0.025183951218516
2024-12-24,BUND-5Y-YIELD,0.025096630925113026
2024-12-25,BUND-5Y-YIELD,0.02501683859471206
2024-12-26,BUND-5Y-YIELD,0.025110757887833554
2024-12-27,BUND-5Y-YIELD,0.0255566725354942
2024-12-30,BUND-5Y-YIELD,0.025702206815110522
2024-12-31,BUND-5Y-YIELD,0.02538370723321025
2025-01-01,BUND-5Y-YIELD,0.02540364040518789
2025-01-02,BUND-5Y-YIELD,0.025411597168290955
2025-01-03,BUND-5Y-YIELD,0.02501455365373303
2025-01-06,BUND-5Y-YIELD,0.02479225249671135
2025-01-07,BUND-5Y-YIELD,0.024897736881079668
2025-01-08,BUND-5Y-YIELD,0.024769216864877056
2025-01-09,BUND-5Y-YIELD,0.025275910256220797
2025-01-10,BUND-5Y-YIELD,0.025383347012661372
2025-01-13,BUND-5Y-YIELD,0.025246745784593263
2025-01-14,BUND-5Y-YIELD,0.025226211742844038
2025-01-15,BUND-5Y-YIELD,0.024954619591604343
2025-01-16,BUND-5Y-YIELD,0.02475804566087799
2025-01-17,BUND-5Y-YIELD,0.024993199929995356
2025-01-20,BUND-5Y-YIELD,0.02497635252284726
2025-01-21,BUND-5Y-YIELD,0.02440215078888553
2025-01-22,BUND-5Y-YIELD,0.0240011933788025
2025-01-23,BUND-5Y-YIELD,0.024180117725010056
2025-01-24,BUND-5Y-YIELD,0.02384070135560169
2025-01-27,BUND-5Y-YIELD,0.023751087784990237
2025-01-28,BUND-5Y-YIELD,0.024085589641477605
2025-01-29,BUND-5Y-YIELD,0.02402233646101082
2025-01-30,BUND-5Y-YIELD,0.023943774530225954
2025-01-31,BUND-5Y-YIELD,0.023829884555186302
2025-02-03,BUND-5Y-YIELD,0.024157395838553284
2025-02-04,BUND-5Y-YIELD,0.023954992371256204
2025-02-05,BUND-5Y-YIELD,0.02359274904165231
2025-02-06,BUND-5Y-YIELD,0.023624838179979287
2025-02-07,BUND-5Y-YIELD,0.024124311677647618
2025-02-10,BUND-5Y-YIELD,0.02424398978194143
2025-02-11,BUND-5Y-YIELD,0.02472052605499261
2025-02-12,BUND-5Y-YIELD,0.025100896670599025
2025-02-13,BUND-5Y-YIELD,0.024776772263448
2025-02-14,BUND-5Y-YIELD,0.024809673295645526
2025-02-17,BUND-5Y-YIELD,0.024792891236437204
2025-02-18,BUND-5Y-YIELD,0.024809903281199454
2025-02-19,BUND-5Y-YIELD,0.02519457105243558
2025-02-20,BUND-5Y-YIELD,0.025634550483375047
2025-02-21,BUND-5Y-YIELD,0.025873650814086473
2025-02-24,BUND-5Y-YIELD,0.026255840058154706
2025-02-25,BUND-5Y-YIELD,0.026093631981234756
2025-02-26,BUND-5Y-YIELD,0.026358566398072242
2025-02-27,BUND-5Y-YIELD,0.026060249101930034
2025-02-28,BUND-5Y-YIELD,0.02597522863342537
2025-03-03,BUND-5Y-YIELD,0.02562083815861732
2025-03-04,BUND-5Y-YIELD,0.02601091532099485
2025-03-05,BUND-5Y-YIELD,0.025903412551043847
2025-03-06,BUND-5Y-YIELD,0.02615639566528777
2025-03-07,BUND-5Y-YIELD,0.02578670978640485
2025-03-10,BUND-5Y-YIELD,0.025880830844763354
2025-03-11,BUND-5Y-YIELD,0.026152283657230754
2025-03-12,BUND-5Y-YIELD,0.026207924048909776
2025-03-13,BUND-5Y-YIELD,0.026293276524285637
2025-03-14,BUND-5Y-YIELD,0.026368313254804602
2025-03-17,BUND-5Y-YIELD,0.026380410269573492
2025-03-18,BUND-5Y-YIELD,0.026299536904579108
2025-03-19,BUND-5Y-YIELD,0.026074671171579068
2025-03-20,BUND-5Y-YIELD,0.02641558852472785
2025-03-21,BUND-5Y-YIELD,0.02644920521809501
2025-03-24,BUND-5Y-YIELD,0.026502695303171904
2025-03-25,BUND-5Y-YIELD,0.02663317043005521
2025-03-26,BUND-5Y-YIELD,0.026287483297267093
2025-03-27,BUND-5Y-YIELD,0.02590921503221359
2025-03-28,BUND-5Y-YIELD,0.025536672037453294
2025-03-31,BUND-5Y-YIELD,0.026106245877764958
2025-04-01,BUND-5Y-YIELD,0.026054900949463628
2025-04-02,BUND-5Y-YIELD,0.026301338966883425
2025-04-03,BUND-5Y-YIELD,0.02578171087381664
2025-04-04,BUND-5Y-YIELD,0.025695404721463432
2025-04-07,BUND-5Y-YIELD,0.025756324484629074
2025-04-08,BUND-5Y-YIELD,0.02561580891254759
2025-04-09,BUND-5Y-YIELD,0.025978740416989304
2025-04-10,BUND-5Y-YIELD,0.025905404929201847
2025-04-11,BUND-5Y-YIELD,0.025911770591963035
2025-04-14,BUND-5Y-YIELD,0.026282442074991638
2025-04-15,BUND-5Y-YIELD,0.02679921647409891
2025-04-16,BUND-5Y-YIELD,0.026932987684451484
2025-04-17,BUND-5Y-YIELD,0.026828531625079973
2025-04-18,BUND-5Y-YIELD,0.02677536953380592
2025-04-21,BUND-5Y-YIELD,0.027170490410085357
2025-04-22,BUND-5Y-YIELD,0.026877488408084765
2025-04-23,BUND-5Y-YIELD,0.02660248375807086
2025-04-24,BUND-5Y-YIELD,0.026341613220194342
2025-04-25,BUND-5Y-YIELD,0.02667808816015892
2025-04-28,BUND-5Y-YIELD,0.02683108240714973
2025-04-29,BUND-5Y-YIELD,0.02658454400830672
2025-04-30,BUND-5Y-YIELD,0.026381237680162123
2025-05-01,BUND-5Y-YIELD,0.02639670363751479
2025-05-02,BUND-5Y-YIELD,0.02625550813536866
2025-05-05,BUND-5Y-YIELD,0.025955330610478253
2025-05-06,BUND-5Y-YIELD,0.025717418932975775
2025-05-07,BUND-5Y-YIELD,0.025670844782544777
2025-05-08,BUND-5Y-YIELD,0.02549897554349196
2025-05-09,BUND-5Y-YIELD,0.02550037679045837
2025-05-12,BUND-5Y-YIELD,0.025401619571293287
2025-05-13,BUND-5Y-YIELD,0.02519260493444788
2025-05-14,BUND-5Y-YIELD,0.025333326547780654
2025-05-15,BUND-5Y-YIELD,0.02548377208851074
2025-05-16,BUND-5Y-YIELD,0.02489626299014113
2025-05-19,BUND-5Y-YIELD,0.02498347950848812
2025-05-20,BUND-5Y-YIELD,0.02484837636681267
2025-05-21,BUND-5Y-YIELD,0.024547076995409284
2025-05-22,BUND-5Y-YIELD,0.024778738726044337
2025-05-23,BUND-5Y-YIELD,0.024861586312192967
2025-05-26,BUND-5Y-YIELD,0.02503757838938365
2025-05-27,BUND-5Y-YIELD,0.024878296045435677
2025-05-28,BUND-5Y-YIELD,0.02542497094176043
2025-05-29,BUND-5Y-YIELD,0.025582113081420985
2025-05-30,BUND-5Y-YIELD,0.025402522050454412
2025-06-02,BUND-5Y-YIELD,0.02598239841807113
2025-06-03,BUND-5Y-YIELD,0.025732958662567945
2025-06-04,BUND-5Y-YIELD,0.026193399156368147
2025-06-05,BUND-5Y-YIELD,0.02610533487254378
2025-06-06,BUND-5Y-YIELD,0.025920520218680475
2025-06-09,BUND-5Y-YIELD,0.02569936324805024
2025-06-10,BUND-5Y-YIELD,0.02539237768520793
2025-06-11,BUND-5Y-YIELD,0.025111682320093986
2025-06-12,BUND-5Y-YIELD,0.025221323812374147
2025-06-13,BUND-5Y-YIELD,0.025192765904201896
2025-06-16,BUND-5Y-YIELD,0.02469669675889897
2025-06-17,BUND-5Y-YIELD,0.024757256778828944
2025-06-18,BUND-5Y-YIELD,0.024303537524126746
2025-06-19,BUND-5Y-YIELD,0.024454901131451476
2025-06-20,BUND-5Y-YIELD,0.0243111943467928
2025-06-23,BUND-5Y-YIELD,0.024239825357659853
2025-06-24,BUND-5Y-YIELD,0.024596644516403726
2025-06-25,BUND-5Y-YIELD,0.023974629904168467
2025-06-26,BUND-5Y-YIELD,0.024645619779221146
2025-06-27,BUND-5Y-YIELD,0.025578814034905743
2025-06-30,BUND-5Y-YIELD,0.025908839904820683
2025-07-01,BUND-5Y-YIELD,0.026080549764941605
2025-07-02,BUND-5Y-YIELD,0.025871401803510982
2025-07-03,BUND-5Y-YIELD,0.02620177863824382
2025-07-04,BUND-5Y-YIELD,0.026143605165590056
2025-07-07,BUND-5Y-YIELD,0.026055439922863945
2025-07-08,BUND-5Y-YIELD,0.02581228969722496
2025-07-09,BUND-5Y-YIELD,0.02623650230556067
2025-07-10,BUND-5Y-YIELD,0.02649516052389468
2025-07-11,BUND-5Y-YIELD,0.026058889159737794
2025-07-14,BUND-5Y-YIELD,0.026027443866363263
2025-07-15,BUND-5Y-YIELD,0.025629540577070554
2025-07-16,BUND-5Y-YIELD,0.025910344618554296
2025-07-17,BUND-5Y-YIELD,0.025634450559069755
2025-07-18,BUND-5Y-YIELD,0.025612995711085128
2025-07-21,BUND-5Y-YIELD,0.02578422142497018
2025-07-22,BUND-5Y-YIELD,0.02572389739498302
2025-07-23,BUND-5Y-YIELD,0.025346811266433372
2025-07-24,BUND-5Y-YIELD,0.025209857457670237
2025-07-25,BUND-5Y-YIELD,0.02479984215489649
2025-07-28,BUND-5Y-YIELD,0.025234074068860662
2025-07-29,BUND-5Y-YIELD,0.025516223186548444
2025-07-30,BUND-5Y-YIELD,0.024980227168329806
2025-07-31,BUND-5Y-YIELD,0.02462681503142895
2025-08-01,BUND-5Y-YIELD,0.025308898360210268
2025-08-04,BUND-5Y-YIELD,0.025508321325216927
2025-08-05,BUND-5Y-YIELD,0.025410982568679515
2025-08-06,BUND-5Y-YIELD,0.025692640846675007
2025-08-07,BUND-5Y-YIELD,0.025798304155115304
2025-08-08,BUND-5Y-YIELD,0.026038227659982115
2025-08-11,BUND-5Y-YIELD,0.025921695508668113
2025-08-12,BUND-5Y-YIELD,0.02641964971724342
2025-08-13,BUND-5Y-YIELD,0.02649651652640296
2025-08-14,BUND-5Y-YIELD,0.026135849013348224
2025-08-15,BUND-5Y-YIELD,0.026121422436733453
2025-08-18,BUND-5Y-YIELD,0.026022849167083993
2025-08-19,BUND-5Y-YIELD,0.026143549527210232
2025-08-20,BUND-5Y-YIELD,0.0262294119128152
2025-08-21,BUND-5Y-YIELD,0.026263884025612926
2025-08-22,BUND-5Y-YIELD,0.026006504340101308
2025-08-25,BUND-5Y-YIELD,0.026072825609797227
2025-08-26,BUND-5Y-YIELD,0.025897106107389385
2025-08-27,BUND-5Y-YIELD,0.02639182001459975
2025-08-28,BUND-5Y-YIELD,0.026041897586034837
2025-08-29,BUND-5Y-YIELD,0.025956515052577053
2025-09-01,BUND-5Y-YIELD,0.02580047747250712
2025-09-02,BUND-5Y-YIELD,0.02549572039712893
2025-09-03,BUND-5Y-YIELD,0.02561910735182096
2025-09-04,BUND-5Y-YIELD,0.025712024386330662
2025-09-05,BUND-5Y-YIELD,0.02577016455922037
2025-09-08,BUND-5Y-YIELD,0.026233242055892197
2025-09-09,BUND-5Y-YIELD,0.02606109791567661
2025-09-10,BUND-5Y-YIELD,0.026200974590377017
2025-09-11,BUND-5Y-YIELD,0.026230127377209964
2025-09-12,BUND-5Y-YIELD,0.026315157220975747
2025-09-15,BUND-5Y-YIELD,0.025925921321784177
2025-09-16,BUND-5Y-YIELD,0.02555781835214514
2025-09-17,BUND-5Y-YIELD,0.025812666940416264
2025-09-18,BUND-5Y-YIELD,0.025452911175290145
2025-09-19,BUND-5Y-YIELD,0.025791001994680006
2025-09-22,BUND-5Y-YIELD,0.02625600298893482
2025-09-23,BUND-5Y-YIELD,0.02608353152737924
2025-09-24,BUND-5Y-YIELD,0.02618918131972609
2025-09-25,BUND-5Y-YIELD,0.026247105973376636
2025-09-26,BUND-5Y-YIELD,0.026711768901175353
2025-09-29,BUND-5Y-YIELD,0.027364385227572046
2025-09-30,BUND-5Y-YIELD,0.02761397180282793
2025-10-01,BUND-5Y-YIELD,0.027883351975248234
2025-10-02,BUND-5Y-YIELD,0.028266323170272677
2025-10-03,BUND-5Y-YIELD,0.027980644887683457
2025-10-06,BUND-5Y-YIELD,0.027964084021806553
2025-10-07,BUND-5Y-YIELD,0.028237069958362105
2025-10-08,BUND-5Y-YIELD,0.02809394477945278
2025-10-09,BUND-5Y-YIELD,0.028606127656250962
2025-10-10,BUND-5Y-YIELD,0.028325240953663976
2025-10-13,BUND-5Y-YIELD,0.028271282117957243
2025-10-14,BUND-5Y-YIELD,0.028306998936943106
2025-10-15,BUND-5Y-YIELD,0.028513619967960556
2025-10-16,BUND-5Y-YIELD,0.028232944967274333
2025-10-17,BUND-5Y-YIELD,0.028115705692668417
2025-10-20,BUND-5Y-YIELD,0.028224538622397953
2025-10-21,BUND-5Y-YIELD,0.028248859700459983
2025-10-22,BUND-5Y-YIELD,0.028420249620766704
2025-10-23,BUND-5Y-YIELD,0.028163586751022675
2025-10-24,BUND-5Y-YIELD,0.02781666565103746
2025-10-27,BUND-5Y-YIELD,0.026936639571522508
2025-10-28,BUND-5Y-YIELD,0.02651397559521995
2025-10-29,BUND-5Y-YIELD,0.026335716187664674
2025-10-30,BUND-5Y-YIELD,0.02585038453316572
2025-10-31,BUND-5Y-YIELD,0.025689221516656265
2025-11-03,BUND-5Y-YIELD,0.025903233378058877
2025-11-04,BUND-5Y-YIELD,0.025713767794784927
2025-11-05,BUND-5Y-YIELD,0.025949431064179965
2025-11-06,BUND-5Y-YIELD,0.026132761592481738
2025-11-07,BUND-5Y-YIELD,0.02609949558578978
2025-11-10,BUND-5Y-YIELD,0.026278584370624514
2025-11-11,BUND-5Y-YIELD,0.02651300241952363
2025-11-12,BUND-5Y-YIELD,0.026059925034331008
2025-11-13,BUND-5Y-YIELD,0.026510948195231653
2025-11-14,BUND-5Y-YIELD,0.025938470524884176
2025-11-17,BUND-5Y-YIELD,0.025984907655097304
2025-11-18,BUND-5Y-YIELD,0.025766265136799624
2025-11-19,BUND-5Y-YIELD,0.02556682448787202
2025-11-20,BUND-5Y-YIELD,0.025597874409932952
2025-11-21,BUND-5Y-YIELD,0.025450436517442075
2025-11-24,BUND-5Y-YIELD,0.0253623333236777
2025-11-25,BUND-5Y-YIELD,0.025321683372402606
2025-11-26,BUND-5Y-YIELD,0.025025925947506713
2025-11-27,BUND-5Y-YIELD,0.025072912026103816
2025-11-28,BUND-5Y-YIELD,0.02472373620554765
2025-12-01,BUND-5Y-YIELD,0.02487526594052093
2025-12-02,BUND-5Y-YIELD,0.024502999664712685
2025-12-03,BUND-5Y-YIELD,0.024572784677350797
2025-12-04,BUND-5Y-YIELD,0.02441541713665902
2025-12-05,BUND-5Y-YIELD,0.024863402549392653
2025-12-08,BUND-5Y-YIELD,0.024580072145378894
2025-12-09,BUND-5Y-YIELD,0.024953685076740523
2025-12-10,BUND-5Y-YIELD,0.02485327574512683
2025-12-11,BUND-5Y-YIELD,0.024385791844958465
2025-12-12,BUND-5Y-YIELD,0.024832366282285277
2025-12-15,BUND-5Y-YIELD,0.02515823148930552
2025-12-16,BUND-5Y-YIELD,0.0257005221679913
2025-12-17,BUND-5Y-YIELD,0.025603375375075416
2025-12-18,BUND-5Y-YIELD,0.025914207345357862
2025-12-19,BUND-5Y-YIELD,0.02641561969817233
2025-12-22,BUND-5Y-YIELD,0.02651765123018672
2025-12-23,BUND-5Y-YIELD,0.027437490975486676
2025-12-24,BUND-5Y-YIELD,0.027429920093725205
2025-12-25,BUND-5Y-YIELD,0.027801985806974704
2025-12-26,BUND-5Y-YIELD,0.02761339686892209
2025-12-29,BUND-5Y-YIELD,0.027472248688169235
2025-12-30,BUND-5Y-YIELD,0.027445271844455613
2025-12-31,BUND-5Y-YIELD,0.0275083323089482
2026-01-01,BUND-5Y-YIELD,0.027671432626093888
2026-01-02,BUND-5Y-YIELD,0.027916984654293212
2026-01-05,BUND-5Y-YIELD,0.02736441368357935
2026-01-06,BUND-5Y-YIELD,0.02748843047514628
2026-01-07,BUND-5Y-YIELD,0.027406571536452984
2026-01-08,BUND-5Y-YIELD,0.026949646631847613
2026-01-09,BUND-5Y-YIELD,0.02681012548728153
2026-01-12,BUND-5Y-YIELD,0.02708923574323608
2026-01-13,BUND-5Y-YIELD,0.027313557625038266
2026-01-14,BUND-5Y-YIELD,0.02691997536133876
2026-01-15,BUND-5Y-YIELD,0.026795211032900293
2026-01-16,BUND-5Y-YIELD,0.026694014454281722
2026-01-19,BUND-5Y-YIELD,0.027133928958901786
2026-01-20,BUND-5Y-YIELD,0.02708436786531307
2026-01-21,BUND-5Y-YIELD,0.02688079547602882
2026-01-22,BUND-5Y-YIELD,0.026889735821003742
2026-01-23,BUND-5Y-YIELD,0.026154800296881466
2026-01-26,BUND-5Y-YIELD,0.02619256260267552
2026-01-27,BUND-5Y-YIELD,0.026487411631488156
2026-01-28,BUND-5Y-YIELD,0.02661140786951287
2026-01-29,BUND-5Y-YIELD,0.026062383370342338
2026-01-30,BUND-5Y-YIELD,0.0267906473848652
2026-02-02,BUND-5Y-YIELD,0.026967849780283625
2026-02-03,BUND-5Y-YIELD,0.02692567284620653
2026-02-04,BUND-5Y-YIELD,0.026891958712913833
2026-02-05,BUND-5Y-YIELD,0.02713807473038656
2026-02-06,BUND-5Y-YIELD,0.02709257921664728
2026-02-09,BUND-5Y-YIELD,0.027048254550007433
2026-02-10,BUND-5Y-YIELD,0.027229815302202975
2026-02-11,BUND-5Y-YIELD,0.026900291967730184
2026-02-12,BUND-5Y-YIELD,0.027123469460595344
2026-02-13,BUND-5Y-YIELD,0.026834250834319742
2026-02-16,BUND-5Y-YIELD,0.026963270118022648
2026-02-17,BUND-5Y-YIELD,0.02727599692541377
2026-02-18,BUND-5Y-YIELD,0.027430400753599378
2026-02-19,BUND-5Y-YIELD,0.02767379156825683
2026-02-20,BUND-5Y-YIELD,0.02755855974914951
2026-02-23,BUND-5Y-YIELD,0.02732191407442616
2026-02-24,BUND-5Y-YIELD,0.02763189939516082
2026-02-25,BUND-5Y-YIELD,0.027588821287086285
2026-02-26,BUND-5Y-YIELD,0.02733318148278049
2026-02-27,BUND-5Y-YIELD,0.02717028007426605
2026-03-02,BUND-5Y-YIELD,0.026952468208045574
2026-03-03,BUND-5Y-YIELD,0.027167524706581143
2026-03-04,BUND-5Y-YIELD,0.02734080446301751
2026-03-05,BUND-5Y-YIELD,0.027775468314899666
2026-03-06,BUND-5Y-YIELD,0.027439316772286747
2026-03-09,BUND-5Y-YIELD,0.027452797109844853
2026-03-10,BUND-5Y-YIELD,0.027425048436513468
2026-03-11,BUND-5Y-YIELD,0.02680027278210101
2026-03-12,BUND-5Y-YIELD,0.026777469322254572
2026-03-13,BUND-5Y-YIELD,0.026956921620430903
2026-03-16,BUND-5Y-YIELD,0.02670620416937226
2026-03-17,BUND-5Y-YIELD,0.026327294128685747
2026-03-18,BUND-5Y-YIELD,0.027025170195511733
2026-03-19,BUND-5Y-YIELD,0.026617763816787463
2026-03-20,BUND-5Y-YIELD,0.02706555226723797
2026-03-23,BUND-5Y-YIELD,0.027158497429293937
2026-03-24,BUND-5Y-YIELD,0.027284671596840726
2026-03-25,BUND-5Y-YIELD,0.027125042618760684
2026-03-26,BUND-5Y-YIELD,0.026827156599941924
2026-03-27,BUND-5Y-YIELD,0.02726015918706287
2026-03-30,BUND-5Y-YIELD,0.027819659383679304
2026-03-31,BUND-5Y-YIELD,0.027568253176237952
2026-04-01,BUND-5Y-YIELD,0.027931125351228207
2026-04-02,BUND-5Y-YIELD,0.02793213163219212
2026-04-03,BUND-5Y-YIELD,0.02816843849877079
2026-04-06,BUND-5Y-YIELD,0.028106950434224294
2026-04-07,BUND-5Y-YIELD,0.027898948154393595
2026-04-08,BUND-5Y-YIELD,0.027432747159516668
2026-04-09,BUND-5Y-YIELD,0.026912073888951414
2026-04-10,BUND-5Y-YIELD,0.026872875688595223
2026-04-13,BUND-5Y-YIELD,0.026797093942569523
2026-04-14,BUND-5Y-YIELD,0.026435664841469
2026-04-15,BUND-5Y-YIELD,0.02593988430467444
2026-04-16,BUND-5Y-YIELD,0.025690134193271368
2026-04-17,BUND-5Y-YIELD,0.025799631322312024
2026-04-20,BUND-5Y-YIELD,0.026050360744060128
2026-04-21,BUND-5Y-YIELD,0.02633706251724013
2026-04-22,BUND-5Y-YIELD,0.02634148402958798
2026-04-23,BUND-5Y-YIELD,0.02654688391796202
2026-04-24,BUND-5Y-YIELD,0.026163736064705335
2026-04-27,BUND-5Y-YIELD,0.026620046460274403
2026-04-28,BUND-5Y-YIELD,0.026632560498861726
2026-04-29,BUND-5Y-YIELD,0.026372132708221346
2026-04-30,BUND-5Y-YIELD,0.02606666039141863
2026-05-01,BUND-5Y-YIELD,0.02571599273741709
2026-05-04,BUND-5Y-YIELD,0.025594155086189212
2026-05-05,BUND-5Y-YIELD,0.025817998665677185
2026-05-06,BUND-5Y-YIELD,0.025569852895226435
2026-05-07,BUND-5Y-YIELD,0.025816118157973404
2026-05-08,BUND-5Y-YIELD,0.02583255994131926
2026-05-11,BUND-5Y-YIELD,0.02530042614577728
2026-05-12,BUND-5Y-YIELD,0.02493594451168897
2026-05-13,BUND-5Y-YIELD,0.024627553083308513
2026-05-14,BUND-5Y-YIELD,0.02446343863099641
2026-05-15,BUND-5Y-YIELD,0.024975105134570574
2026-05-18,BUND-5Y-YIELD,0.025653012330043353
2026-05-19,BUND-5Y-YIELD,0.02570249999704569
2026-05-20,BUND-5Y-YIELD,0.025758952169610966
2026-05-21,BUND-5Y-YIELD,0.025498028792284428
2026-05-22,BUND-5Y-YIELD,0.025800620531367363
2026-05-25,BUND-5Y-YIELD,0.025517930733874622
2026-05-26,BUND-5Y-YIELD,0.025344929358618356
2026-05-27,BUND-5Y-YIELD,0.025338193155938736
2026-05-28,BUND-5Y-YIELD,0.02556962930338321
2026-05-29,BUND-5Y-YIELD,0.025623869700481798
2026-06-01,BUND-5Y-YIELD,0.024905273746171623
2026-06-02,BUND-5Y-YIELD,0.024986205711973287
2026-06-03,BUND-5Y-YIELD,0.024845101083794
2026-06-04,BUND-5Y-YIELD,0.02491995527115552
2026-06-05,BUND-5Y-YIELD,0.025299941399813373
2026-06-08,BUND-5Y-YIELD,0.024804250192452904
2026-06-09,BUND-5Y-YIELD,0.024843302882464054
2026-06-10,BUND-5Y-YIELD,0.02509911994750259
2026-06-11,BUND-5Y-YIELD,0.024621857641472428
2026-06-12,BUND-5Y-YIELD,0.025001769533011663
2026-06-15,BUND-5Y-YIELD,0.025170849991747617
2026-06-16,BUND-5Y-YIELD,0.02523806857666549
2026-06-17,BUND-5Y-YIELD,0.024985307004533937
2026-06-18,BUND-5Y-YIELD,0.025093761686651977
2026-06-19,BUND-5Y-YIELD,0.025290884597921916
2026-06-22,BUND-5Y-YIELD,0.025035620002594915
2026-06-23,BUND-5Y-YIELD,0.02483322020372094
2026-06-24,BUND-5Y-YIELD,0.02455397825369674
2026-06-25,BUND-5Y-YIELD,0.02460926869119947
2026-06-26,BUND-5Y-YIELD,0.02468678287077323
2026-06-29,BUND-5Y-YIELD,0.02493278186899862
2026-06-30,BUND-5Y-YIELD,0.02501437582340502
2026-07-01,BUND-5Y-YIELD,0.024877107168422088
2026-07-02,BUND-5Y-YIELD,0.024866165987008654
2026-07-03,BUND-5Y-YIELD,0.024589867064283264
2026-07-06,BUND-5Y-YIELD,0.02486535966230891
2026-07-07,BUND-5Y-YIELD,0.024566789698174368
2026-07-08,BUND-5Y-YIELD,0.024299392419583742
2026-07-09,BUND-5Y-YIELD,0.02430550245235514
2026-07-10,BUND-5Y-YIELD,0.02373782396793064
2026-07-13,BUND-5Y-YIELD,0.023861552358309043
2026-07-14,BUND-5Y-YIELD,0.02424788795363155
2026-07-15,BUND-5Y-YIELD,0.02442939534693007
2026-07-16,BUND-5Y-YIELD,0.024633176964178105
2026-07-17,BUND-5Y-YIELD,0.02477697120354176
2026-07-20,BUND-5Y-YIELD,0.02478414363651045
2026-07-21,BUND-5Y-YIELD,0.02476928496262257
2026-07-22,BUND-5Y-YIELD,0.02443013322838704
2026-07-23,BUND-5Y-YIELD,0.02453015208915238
2026-07-24,BUND-5Y-YIELD,0.02478819996718625
2026-07-27,BUND-5Y-YIELD,0.02535533777105681
2026-07-28,BUND-5Y-YIELD,0.025239528575897924
2026-07-29,BUND-5Y-YIELD,0.02535085702337644
2026-07-30,BUND-5Y-YIELD,0.02549536423168819
2026-07-31,BUND-5Y-YIELD,0.0253844069393983
2026-08-03,BUND-5Y-YIELD,0.02525564669072997
2026-08-04,BUND-5Y-YIELD,0.025139153711482374
2026-08-05,BUND-5Y-YIELD,0.025061850670993525
2026-08-06,BUND-5Y-YIELD,0.025539170564309807
2026-08-07,BUND-5Y-YIELD,0.025047303658554544
2026-08-10,BUND-5Y-YIELD,0.0247030163382552
2026-08-11,BUND-5Y-YIELD,0.024288973524517855
2026-08-12,BUND-5Y-YIELD,0.024387415716144587
2026-08-13,BUND-5Y-YIELD,0.024558791962510304
2026-08-14,BUND-5Y-YIELD,0.024274421893170736
2026-08-17,BUND-5Y-YIELD,0.024546897804766588
2026-08-18,BUND-5Y-YIELD,0.024244513663629164
2026-08-19,BUND-5Y-YIELD,0.02469810705734217
2026-08-20,BUND-5Y-YIELD,0.02472709984823236
2026-08-21,BUND-5Y-YIELD,0.025012579010581827
2026-08-24,BUND-5Y-YIELD,0.02460784294422586
2026-08-25,BUND-5Y-YIELD,0.02487901259993124
2026-08-26,BUND-5Y-YIELD,0.024924116580690738
2026-08-27,BUND-5Y-YIELD,0.024757894254893515
2026-08-28,BUND-5Y-YIELD,0.02429381019959436
2026-08-31,BUND-5Y-YIELD,0.024533792646420725
2026-09-01,BUND-5Y-YIELD,0.02474844902604598
2026-09-02,BUND-5Y-YIELD,0.024650663322752172
2026-09-03,BUND-5Y-YIELD,0.02493830870179313
2026-09-04,BUND-5Y-YIELD,0.025233117255712624
2024-09-04,BUND-10Y-YIELD,0.027
2024-09-05,BUND-10Y-YIELD,0.02716806015584205
2024-09-06,BUND-10Y-YIELD,0.026981323138231227
2024-09-09,BUND-10Y-YIELD,0.026978378624892347
2024-09-10,BUND-10Y-YIELD,0.02697854000443141
2024-09-11,BUND-10Y-YIELD,0.026995768235019535
2024-09-12,BUND-10Y-YIELD,0.027650588829496402
2024-09-13,BUND-10Y-YIELD,0.027565434853962283
2024-09-16,BUND-10Y-YIELD,0.02747788241092488
2024-09-17,BUND-10Y-YIELD,0.027340456376252806
2024-09-18,BUND-10Y-YIELD,0.027651258909993186
2024-09-19,BUND-10Y-YIELD,0.0275274023485463
2024-09-20,BUND-10Y-YIELD,0.027500930766573208
2024-09-23,BUND-10Y-YIELD,0.027765100956383022
2024-09-24,BUND-10Y-YIELD,0.02799352247499067
2024-09-25,BUND-10Y-YIELD,0.027701162059455418
2024-09-26,BUND-10Y-YIELD,0.02824564400488599
2024-09-27,BUND-10Y-YIELD,0.028328884184743972
2024-09-30,BUND-10Y-YIELD,0.028614133732811756
2024-10-01,BUND-10Y-YIELD,0.02871343197144724
2024-10-02,BUND-10Y-YIELD,0.02922816572445343
2024-10-03,BUND-10Y-YIELD,0.029123910594699657
2024-10-04,BUND-10Y-YIELD,0.028937271393552347
2024-10-07,BUND-10Y-YIELD,0.02906121568704353
2024-10-08,BUND-10Y-YIELD,0.029478490613558818
2024-10-09,BUND-10Y-YIELD,0.02947588071463107
2024-10-10,BUND-10Y-YIELD,0.02974944694713983
2024-10-11,BUND-10Y-YIELD,0.030221408788904953
2024-10-14,BUND-10Y-YIELD,0.029800246041507515
2024-10-15,BUND-10Y-YIELD,0.0302191284499034
2024-10-16,BUND-10Y-YIELD,0.030566513496682147
2024-10-17,BUND-10Y-YIELD,0.030424848586590274
2024-10-18,BUND-10Y-YIELD,0.030414238190441555
2024-10-21,BUND-10Y-YIELD,0.030278691373086964
2024-10-22,BUND-10Y-YIELD,0.030532839204853068
2024-10-23,BUND-10Y-YIELD,0.03035242061866548
2024-10-24,BUND-10Y-YIELD,0.030552894583657588
2024-10-25,BUND-10Y-YIELD,0.0309775213206847
2024-10-28,BUND-10Y-YIELD,0.03045770773079594
2024-10-29,BUND-10Y-YIELD,0.030594462520797127
2024-10-30,BUND-10Y-YIELD,0.030579379913215323
2024-10-31,BUND-10Y-YIELD,0.030437842468320635
2024-11-01,BUND-10Y-YIELD,0.030578337613403686
2024-11-04,BUND-10Y-YIELD,0.030546792260491645
2024-11-05,BUND-10Y-YIELD,0.030087410086229185
2024-11-06,BUND-10Y-YIELD,0.029912300760147753
2024-11-07,BUND-10Y-YIELD,0.02991073087314923
2024-11-08,BUND-10Y-YIELD,0.02969032733715808
2024-11-11,BUND-10Y-YIELD,0.0292909569879577
2024-11-12,BUND-10Y-YIELD,0.030038248831703362
2024-11-13,BUND-10Y-YIELD,0.030478260095935836
2024-11-14,BUND-10Y-YIELD,0.03087358512168728
2024-11-15,BUND-10Y-YIELD,0.03091083675788381
2024-11-18,BUND-10Y-YIELD,0.03029157114440609
2024-11-19,BUND-10Y-YIELD,0.03020905678604022
2024-11-20,BUND-10Y-YIELD,0.03037334043656646
2024-11-21,BUND-10Y-YIELD,0.03024017766851378
2024-11-22,BUND-10Y-YIELD,0.03006587570239401
2024-11-25,BUND-10Y-YIELD,0.030173112803243585
2024-11-26,BUND-10Y-YIELD,0.030817865099466997
2024-11-27,BUND-10Y-YIELD,0.030918293375766126
2024-11-28,BUND-10Y-YIELD,0.030966421371842186
2024-11-29,BUND-10Y-YIELD,0.030760435984668356
2024-12-02,BUND-10Y-YIELD,0.03123469251127206
2024-12-03,BUND-10Y-YIELD,0.03135838444353553
2024-12-04,BUND-10Y-YIELD,0.031372543064864845
2024-12-05,BUND-10Y-YIELD,0.031311697666181804
2024-12-06,BUND-10Y-YIELD,0.03117194310717968
2024-12-09,BUND-10Y-YIELD,0.03128199635980594
2024-12-10,BUND-10Y-YIELD,0.0319461536876324
2024-12-11,BUND-10Y-YIELD,0.032015302622114605
2024-12-12,BUND-10Y-YIELD,0.032230045178366404
2024-12-13,BUND-10Y-YIELD,0.03205494022695993
2024-12-16,BUND-10Y-YIELD,0.03220387495414392
2024-12-17,BUND-10Y-YIELD,0.03182893427335744
2024-12-18,BUND-10Y-YIELD,0.03232159557305554
2024-12-19,BUND-10Y-YIELD,0.03222241572444623
2024-12-20,BUND-10Y-YIELD,0.0324358733948947
2024-12-23,BUND-10Y-YIELD,0.03253869635542206
2024-12-24,BUND-10Y-YIELD,0.03303394308356741
2024-12-25,BUND-10Y-YIELD,0.03327760129457813
2024-12-26,BUND-10Y-YIELD,0.033534368154141125
2024-12-27,BUND-10Y-YIELD,0.03311639365788788
2024-12-30,BUND-10Y-YIELD,0.03284822433568951
2024-12-31,BUND-10Y-YIELD,0.03256983086657219
2025-01-01,BUND-10Y-YIELD,0.03230846447382519
2025-01-02,BUND-10Y-YIELD,0.03207859706833375
2025-01-03,BUND-10Y-YIELD,0.032373575979143504
2025-01-06,BUND-10Y-YIELD,0.032376547218029995
2025-01-07,BUND-10Y-YIELD,0.032398784687869185
2025-01-08,BUND-10Y-YIELD,0.03213737392395695
2025-01-09,BUND-10Y-YIELD,0.0318701925200995
2025-01-10,BUND-10Y-YIELD,0.031474998402942586
2025-01-13,BUND-10Y-YIELD,0.03180711231789005
2025-01-14,BUND-10Y-YIELD,0.03184975991473876
2025-01-15,BUND-10Y-YIELD,0.03207345169020866
2025-01-16,BUND-10Y-YIELD,0.03215072812727772
2025-01-17,BUND-10Y-YIELD,0.0318820491774935
2025-01-20,BUND-10Y-YIELD,0.03186590914186567
2025-01-21,BUND-10Y-YIELD,0.03122413353078184
2025-01-22,BUND-10Y-YIELD,0.03144046869415171
2025-01-23,BUND-10Y-YIELD,0.031452672683745644
2025-01-24,BUND-10Y-YIELD,0.03152188638010294
2025-01-27,BUND-10Y-YIELD,0.03155600117382475
2025-01-28,BUND-10Y-YIELD,0.031741254188967206
2025-01-29,BUND-10Y-YIELD,0.03167204221707089
2025-01-30,BUND-10Y-YIELD,0.03168233937679726
2025-01-31,BUND-10Y-YIELD,0.03147692780896493
2025-02-03,BUND-10Y-YIELD,0.03140301915323761
2025-02-04,BUND-10Y-YIELD,0.03149993785240853
2025-02-05,BUND-10Y-YIELD,0.03177381429025523
2025-02-06,BUND-10Y-YIELD,0.031661118140656634
2025-02-07,BUND-10Y-YIELD,0.0312379320992633
2025-02-10,BUND-10Y-YIELD,0.030673972196099516
2025-02-11,BUND-10Y-YIELD,0.030592755434044487
2025-02-12,BUND-10Y-YIELD,0.030369060376315614
2025-02-13,BUND-10Y-YIELD,0.03054486212467335
2025-02-14,BUND-10Y-YIELD,0.031034067603456384
2025-02-17,BUND-10Y-YIELD,0.030796380597686107
2025-02-18,BUND-10Y-YIELD,0.031191497817817326
2025-02-19,BUND-10Y-YIELD,0.03155930919957506
2025-02-20,BUND-10Y-YIELD,0.03126885083499802
2025-02-21,BUND-10Y-YIELD,0.031134145404543036
2025-02-24,BUND-10Y-YIELD,0.031353492538353275
2025-02-25,BUND-10Y-YIELD,0.03111064865936122
2025-02-26,BUND-10Y-YIELD,0.03080890309004319
2025-02-27,BUND-10Y-YIELD,0.03104775006715369
2025-02-28,BUND-10Y-YIELD,0.03087292203793694
2025-03-03,BUND-10Y-YIELD,0.030682584561409734
2025-03-04,BUND-10Y-YIELD,0.030886709066001924
2025-03-05,BUND-10Y-YIELD,0.030930375637263148
2025-03-06,BUND-10Y-YIELD,0.031016914812814364
2025-03-07,BUND-10Y-YIELD,0.03147105675343285
2025-03-10,BUND-10Y-YIELD,0.0318883016539029
2025-03-11,BUND-10Y-YIELD,0.031398842801111194
2025-03-12,BUND-10Y-YIELD,0.03171006004477933
2025-03-13,BUND-10Y-YIELD,0.03174520931881395
2025-03-14,BUND-10Y-YIELD,0.03187777929104472
2025-03-17,BUND-10Y-YIELD,0.032161872159733804
2025-03-18,BUND-10Y-YIELD,0.03274500027932668
2025-03-19,BUND-10Y-YIELD,0.03302440338522093
2025-03-20,BUND-10Y-YIELD,0.03302687444259547
2025-03-21,BUND-10Y-YIELD,0.03319569588467477
2025-03-24,BUND-10Y-YIELD,0.03277274194715136
2025-03-25,BUND-10Y-YIELD,0.03297009117051007
2025-03-26,BUND-10Y-YIELD,0.03307021337865454
2025-03-27,BUND-10Y-YIELD,0.03274377763770186
2025-03-28,BUND-10Y-YIELD,0.03234932997087175
2025-03-31,BUND-10Y-YIELD,0.03197608079637676
2025-04-01,BUND-10Y-YIELD,0.03175184917372916
2025-04-02,BUND-10Y-YIELD,0.031942423153375185
2025-04-03,BUND-10Y-YIELD,0.03191138750418275
2025-04-04,BUND-10Y-YIELD,0.03172520577627716
2025-04-07,BUND-10Y-YIELD,0.031660772673648856
2025-04-08,BUND-10Y-YIELD,0.032054631582156864
2025-04-09,BUND-10Y-YIELD,0.03198155747209781
2025-04-10,BUND-10Y-YIELD,0.0317533544288536
2025-04-11,BUND-10Y-YIELD,0.03242396842662373
2025-04-14,BUND-10Y-YIELD,0.0321882478245131
2025-04-15,BUND-10Y-YIELD,0.0323473841421856
2025-04-16,BUND-10Y-YIELD,0.0326267328666302
2025-04-17,BUND-10Y-YIELD,0.032686791177934466
2025-04-18,BUND-10Y-YIELD,0.03263411292152665
2025-04-21,BUND-10Y-YIELD,0.03302948126884238
2025-04-22,BUND-10Y-YIELD,0.0330821061352168
2025-04-23,BUND-10Y-YIELD,0.033287284966451836
2025-04-24,BUND-10Y-YIELD,0.03328865648207932
2025-04-25,BUND-10Y-YIELD,0.03379719038080754
2025-04-28,BUND-10Y-YIELD,0.03354497123319413
2025-04-29,BUND-10Y-YIELD,0.03319070666919655
2025-04-30,BUND-10Y-YIELD,0.032951058989598644
2025-05-01,BUND-10Y-YIELD,0.032929655602123645
2025-05-02,BUND-10Y-YIELD,0.03286953340171171
2025-05-05,BUND-10Y-YIELD,0.03292273232262583
2025-05-06,BUND-10Y-YIELD,0.03274473733954184
2025-05-07,BUND-10Y-YIELD,0.032901259987401135
2025-05-08,BUND-10Y-YIELD,0.032501146643451856
2025-05-09,BUND-10Y-YIELD,0.03214677559747284
2025-05-12,BUND-10Y-YIELD,0.03208085515632069
2025-05-13,BUND-10Y-YIELD,0.031884685576613385
2025-05-14,BUND-10Y-YIELD,0.03165602817789852
2025-05-15,BUND-10Y-YIELD,0.03149413561598691
2025-05-16,BUND-10Y-YIELD,0.031291124293279404
2025-05-19,BUND-10Y-YIELD,0.031382429959567054
2025-05-20,BUND-10Y-YIELD,0.031603884620983555
2025-05-21,BUND-10Y-YIELD,0.03198367069208187
2025-05-22,BUND-10Y-YIELD,0.032040871748776095
2025-05-23,BUND-10Y-YIELD,0.03184607844879245
2025-05-26,BUND-10Y-YIELD,0.03153789737797199
2025-05-27,BUND-10Y-YIELD,0.03122940198550743
2025-05-28,BUND-10Y-YIELD,0.030773195676238197
2025-05-29,BUND-10Y-YIELD,0.030959926088440642
2025-05-30,BUND-10Y-YIELD,0.03147845567061805
2025-06-02,BUND-10Y-YIELD,0.031460203588341916
2025-06-03,BUND-10Y-YIELD,0.031544097407353616
2025-06-04,BUND-10Y-YIELD,0.03090079046728095
2025-06-05,BUND-10Y-YIELD,0.03089110667562643
2025-06-06,BUND-10Y-YIELD,0.030712770420655865
2025-06-09,BUND-10Y-YIELD,0.030740972988707253
2025-06-10,BUND-10Y-YIELD,0.03051108247111636
2025-06-11,BUND-10Y-YIELD,0.030302455022703977
2025-06-12,BUND-10Y-YIELD,0.0300569334401681
2025-06-13,BUND-10Y-YIELD,0.02987605841598085
2025-06-16,BUND-10Y-YIELD,0.03048485251347339
2025-06-17,BUND-10Y-YIELD,0.030695402591538763
2025-06-18,BUND-10Y-YIELD,0.03027681993414372
2025-06-19,BUND-10Y-YIELD,0.030218849490840506
2025-06-20,BUND-10Y-YIELD,0.030120967843793534
2025-06-23,BUND-10Y-YIELD,0.030738988272732498
2025-06-24,BUND-10Y-YIELD,0.030216026210675866
2025-06-25,BUND-10Y-YIELD,0.03041367075881108
2025-06-26,BUND-10Y-YIELD,0.030667999618874245
2025-06-27,BUND-10Y-YIELD,0.03131267376930276
2025-06-30,BUND-10Y-YIELD,0.031828224197106875
2025-07-01,BUND-10Y-YIELD,0.03179090388480727
2025-07-02,BUND-10Y-YIELD,0.03132720650953134
2025-07-03,BUND-10Y-YIELD,0.03104025199377252
2025-07-04,BUND-10Y-YIELD,0.03084977657103668
2025-07-07,BUND-10Y-YIELD,0.030798950126130365
2025-07-08,BUND-10Y-YIELD,0.030608547323799157
2025-07-09,BUND-10Y-YIELD,0.030219503282774833
2025-07-10,BUND-10Y-YIELD,0.03041509764566562
2025-07-11,BUND-10Y-YIELD,0.03046492675047382
2025-07-14,BUND-10Y-YIELD,0.030357373723841088
2025-07-15,BUND-10Y-YIELD,0.03022259695653674
2025-07-16,BUND-10Y-YIELD,0.030043230427081336
2025-07-17,BUND-10Y-YIELD,0.02974721806079381
2025-07-18,BUND-10Y-YIELD,0.030508239223932594
2025-07-21,BUND-10Y-YIELD,0.030417195674067147
2025-07-22,BUND-10Y-YIELD,0.030247975090773153
2025-07-23,BUND-10Y-YIELD,0.03070798522641533
2025-07-24,BUND-10Y-YIELD,0.030611232637108424
2025-07-25,BUND-10Y-YIELD,0.030713965041568685
2025-07-28,BUND-10Y-YIELD,0.030424170958970546
2025-07-29,BUND-10Y-YIELD,0.030314975802015212
2025-07-30,BUND-10Y-YIELD,0.02978214214913297
2025-07-31,BUND-10Y-YIELD,0.029936558363503674
2025-08-01,BUND-10Y-YIELD,0.030563890926789326
2025-08-04,BUND-10Y-YIELD,0.030654840944026044
2025-08-05,BUND-10Y-YIELD,0.030777190046481374
2025-08-06,BUND-10Y-YIELD,0.031144374886598304
2025-08-07,BUND-10Y-YIELD,0.03150837396213185
2025-08-08,BUND-10Y-YIELD,0.03126123856379527
2025-08-11,BUND-10Y-YIELD,0.0310502915039977
2025-08-12,BUND-10Y-YIELD,0.030966156788555566
2025-08-13,BUND-10Y-YIELD,0.03136012567408705
2025-08-14,BUND-10Y-YIELD,0.03102330133995958
2025-08-15,BUND-10Y-YIELD,0.030870137734482113
2025-08-18,BUND-10Y-YIELD,0.03081365585820245
2025-08-19,BUND-10Y-YIELD,0.0308355777477642
2025-08-20,BUND-10Y-YIELD,0.030914020730282755
2025-08-21,BUND-10Y-YIELD,0.030816489485815356
2025-08-22,BUND-10Y-YIELD,0.031196630983060896
2025-08-25,BUND-10Y-YIELD,0.03098726809231265
2025-08-26,BUND-10Y-YIELD,0.031617466426590274
2025-08-27,BUND-10Y-YIELD,0.03169177408904823
2025-08-28,BUND-10Y-YIELD,0.03191000738551426
2025-08-29,BUND-10Y-YIELD,0.03155226551817498
2025-09-01,BUND-10Y-YIELD,0.0316637953529228
2025-09-02,BUND-10Y-YIELD,0.031305409689639276
2025-09-03,BUND-10Y-YIELD,0.030877498997028123
2025-09-04,BUND-10Y-YIELD,0.03112217780995928
2025-09-05,BUND-10Y-YIELD,0.031129218426710067
2025-09-08,BUND-10Y-YIELD,0.03079078470780653
2025-09-09,BUND-10Y-YIELD,0.030187858835258034
2025-09-10,BUND-10Y-YIELD,0.03041125523894869
2025-09-11,BUND-10Y-YIELD,0.030421064457612272
2025-09-12,BUND-10Y-YIELD,0.030664547753194858
2025-09-15,BUND-10Y-YIELD,0.030954239089826724
2025-09-16,BUND-10Y-YIELD,0.031301484955940664
2025-09-17,BUND-10Y-YIELD,0.030626686266287582
2025-09-18,BUND-10Y-YIELD,0.029655401269523842
2025-09-19,BUND-10Y-YIELD,0.02985338327282129
2025-09-22,BUND-10Y-YIELD,0.029283405880205882
2025-09-23,BUND-10Y-YIELD,0.029615658983180942
2025-09-24,BUND-10Y-YIELD,0.029731910844524298
2025-09-25,BUND-10Y-YIELD,0.029722318964338128
2025-09-26,BUND-10Y-YIELD,0.029694239576781967
2025-09-29,BUND-10Y-YIELD,0.029206964540573702
2025-09-30,BUND-10Y-YIELD,0.029170209243412758
2025-10-01,BUND-10Y-YIELD,0.02910617061113211
2025-10-02,BUND-10Y-YIELD,0.029210768455251165
2025-10-03,BUND-10Y-YIELD,0.029795444332633654
2025-10-06,BUND-10Y-YIELD,0.02962612099774633
2025-10-07,BUND-10Y-YIELD,0.02982061827585271
2025-10-08,BUND-10Y-YIELD,0.030350688893584866
2025-10-09,BUND-10Y-YIELD,0.03012321397141273
2025-10-10,BUND-10Y-YIELD,0.029852021038151343
2025-10-13,BUND-10Y-YIELD,0.029605395914700572
2025-10-14,BUND-10Y-YIELD,0.029242007595245582
2025-10-15,BUND-10Y-YIELD,0.02872526111992305
2025-10-16,BUND-10Y-YIELD,0.028899537611983037
2025-10-17,BUND-10Y-YIELD,0.02934120871933475
2025-10-20,BUND-10Y-YIELD,0.029506593765901076
2025-10-21,BUND-10Y-YIELD,0.029329549324046942
2025-10-22,BUND-10Y-YIELD,0.02913605095215644
2025-10-23,BUND-10Y-YIELD,0.029203574935564032
2025-10-24,BUND-10Y-YIELD,0.02897117099120807
2025-10-27,BUND-10Y-YIELD,0.028914527161637043
2025-10-28,BUND-10Y-YIELD,0.028747883897400107
2025-10-29,BUND-10Y-YIELD,0.029015540039373802
2025-10-30,BUND-10Y-YIELD,0.029200876453130804
2025-10-31,BUND-10Y-YIELD,0.029242801749459618
2025-11-03,BUND-10Y-YIELD,0.02890262212794119
2025-11-04,BUND-10Y-YIELD,0.028748898895308312
2025-11-05,BUND-10Y-YIELD,0.02897209567280977
2025-11-06,BUND-10Y-YIELD,0.029512851539975408
2025-11-07,BUND-10Y-YIELD,0.02935848679810851
2025-11-10,BUND-10Y-YIELD,0.030144538196649466
2025-11-11,BUND-10Y-YIELD,0.030026841309320443
2025-11-12,BUND-10Y-YIELD,0.029910119527597246
2025-11-13,BUND-10Y-YIELD,0.030015480871226397
2025-11-14,BUND-10Y-YIELD,0.029819857593284503
2025-11-17,BUND-10Y-YIELD,0.029832459561459888
2025-11-18,BUND-10Y-YIELD,0.029871962833983693
2025-11-19,BUND-10Y-YIELD,0.029741119235997242
2025-11-20,BUND-10Y-YIELD,0.029662464345382798
2025-11-21,BUND-10Y-YIELD,0.029835318763307358
2025-11-24,BUND-10Y-YIELD,0.03021554608460354
2025-11-25,BUND-10Y-YIELD,0.03089802385790135
2025-11-26,BUND-10Y-YIELD,0.03095930188626011
2025-11-27,BUND-10Y-YIELD,0.030528960627892437
2025-11-28,BUND-10Y-YIELD,0.030398020889587363
2025-12-01,BUND-10Y-YIELD,0.029916065301592232
2025-12-02,BUND-10Y-YIELD,0.029946858128440088
2025-12-03,BUND-10Y-YIELD,0.02974388854020552
2025-12-04,BUND-10Y-YIELD,0.02984845932484196
2025-12-05,BUND-10Y-YIELD,0.029774150307993248
2025-12-08,BUND-10Y-YIELD,0.0297783301246473
2025-12-09,BUND-10Y-YIELD,0.029661382623978706
2025-12-10,BUND-10Y-YIELD,0.030131784737734334
2025-12-11,BUND-10Y-YIELD,0.029578749532695514
2025-12-12,BUND-10Y-YIELD,0.029915206259999612
2025-12-15,BUND-10Y-YIELD,0.030268284334442896
2025-12-16,BUND-10Y-YIELD,0.030456214697690127
2025-12-17,BUND-10Y-YIELD,0.030541787068600158
2025-12-18,BUND-10Y-YIELD,0.030674753009052435
2025-12-19,BUND-10Y-YIELD,0.030553966849412747
2025-12-22,BUND-10Y-YIELD,0.03023824997079211
2025-12-23,BUND-10Y-YIELD,0.030489109834621643
2025-12-24,BUND-10Y-YIELD,0.03072174447659429
2025-12-25,BUND-10Y-YIELD,0.03100746586424423
2025-12-26,BUND-10Y-YIELD,0.03097552868794473
2025-12-29,BUND-10Y-YIELD,0.0313049640434713
2025-12-30,BUND-10Y-YIELD,0.0315065259915624
2025-12-31,BUND-10Y-YIELD,0.032083690987563265
2026-01-01,BUND-10Y-YIELD,0.0320954629241646
2026-01-02,BUND-10Y-YIELD,0.03146211430080073
2026-01-05,BUND-10Y-YIELD,0.031149857556544716
2026-01-06,BUND-10Y-YIELD,0.03127505546289508
2026-01-07,BUND-10Y-YIELD,0.03085771683864561
2026-01-08,BUND-10Y-YIELD,0.03107445392788046
2026-01-09,BUND-10Y-YIELD,0.03085675347038697
2026-01-12,BUND-10Y-YIELD,0.03089895382798185
2026-01-13,BUND-10Y-YIELD,0.030989406179237997
2026-01-14,BUND-10Y-YIELD,0.030728805175621834
2026-01-15,BUND-10Y-YIELD,0.030849199832494498
2026-01-16,BUND-10Y-YIELD,0.03120099589864252
2026-01-19,BUND-10Y-YIELD,0.031034423285648143
2026-01-20,BUND-10Y-YIELD,0.030932977908529603
2026-01-21,BUND-10Y-YIELD,0.030744163479343962
2026-01-22,BUND-10Y-YIELD,0.03093132695797141
2026-01-23,BUND-10Y-YIELD,0.03122473348645207
2026-01-26,BUND-10Y-YIELD,0.031018896567856717
2026-01-27,BUND-10Y-YIELD,0.030884892311567425
2026-01-28,BUND-10Y-YIELD,0.03112464206502054
2026-01-29,BUND-10Y-YIELD,0.03113106875136175
2026-01-30,BUND-10Y-YIELD,0.03163626481851623
2026-02-02,BUND-10Y-YIELD,0.0316058742960653
2026-02-03,BUND-10Y-YIELD,0.03139303156063878
2026-02-04,BUND-10Y-YIELD,0.03100391696798865
2026-02-05,BUND-10Y-YIELD,0.03078571735258443
2026-02-06,BUND-10Y-YIELD,0.030235804769712573
2026-02-09,BUND-10Y-YIELD,0.030295611540712614
2026-02-10,BUND-10Y-YIELD,0.030788758186023377
2026-02-11,BUND-10Y-YIELD,0.030290313527048376
2026-02-12,BUND-10Y-YIELD,0.029843284224346026
2026-02-13,BUND-10Y-YIELD,0.029469611258525156
2026-02-16,BUND-10Y-YIELD,0.029389647614941596
2026-02-17,BUND-10Y-YIELD,0.029077875651327592
2026-02-18,BUND-10Y-YIELD,0.029307856762389166
2026-02-19,BUND-10Y-YIELD,0.029601860354759348
2026-02-20,BUND-10Y-YIELD,0.029375853560983094
2026-02-23,BUND-10Y-YIELD,0.029284061000855687
2026-02-24,BUND-10Y-YIELD,0.02904087252052686
2026-02-25,BUND-10Y-YIELD,0.029223342806348158
2026-02-26,BUND-10Y-YIELD,0.02975654356412234
2026-02-27,BUND-10Y-YIELD,0.029436272589326656
2026-03-02,BUND-10Y-YIELD,0.029281163563298185
2026-03-03,BUND-10Y-YIELD,0.028932716935956976
2026-03-04,BUND-10Y-YIELD,0.029065591264479003
2026-03-05,BUND-10Y-YIELD,0.029194145056182973
2026-03-06,BUND-10Y-YIELD,0.02894483410214216
2026-03-09,BUND-10Y-YIELD,0.028863992371424552
2026-03-10,BUND-10Y-YIELD,0.029535781977254375
2026-03-11,BUND-10Y-YIELD,0.03016108196324578
2026-03-12,BUND-10Y-YIELD,0.02989109879742736
2026-03-13,BUND-10Y-YIELD,0.029894016444142003
2026-03-16,BUND-10Y-YIELD,0.0297769406444889
2026-03-17,BUND-10Y-YIELD,0.02991347520132894
2026-03-18,BUND-10Y-YIELD,0.0295763884585145
2026-03-19,BUND-10Y-YIELD,0.029751903573003433
2026-03-20,BUND-10Y-YIELD,0.030071462742354713
2026-03-23,BUND-10Y-YIELD,0.03045977425928121
2026-03-24,BUND-10Y-YIELD,0.030022324628538974
2026-03-25,BUND-10Y-YIELD,0.030597044517651065
2026-03-26,BUND-10Y-YIELD,0.030327436238068717
2026-03-27,BUND-10Y-YIELD,0.029913548698600457
2026-03-30,BUND-10Y-YIELD,0.030281861060905753
2026-03-31,BUND-10Y-YIELD,0.030573668087173548
2026-04-01,BUND-10Y-YIELD,0.03058095735361233
2026-04-02,BUND-10Y-YIELD,0.030880437555480547
2026-04-03,BUND-10Y-YIELD,0.031114886199708845
2026-04-06,BUND-10Y-YIELD,0.03124251181962798
2026-04-07,BUND-10Y-YIELD,0.030938735534433753
2026-04-08,BUND-10Y-YIELD,0.030856623894885474
2026-04-09,BUND-10Y-YIELD,0.03088011841333244
2026-04-10,BUND-10Y-YIELD,0.03126744108950342
2026-04-13,BUND-10Y-YIELD,0.03176570403145732
2026-04-14,BUND-10Y-YIELD,0.03174714938321116
2026-04-15,BUND-10Y-YIELD,0.031589290077432004
2026-04-16,BUND-10Y-YIELD,0.031372617360909134
2026-04-17,BUND-10Y-YIELD,0.0316719844570374
2026-04-20,BUND-10Y-YIELD,0.03149900998584028
2026-04-21,BUND-10Y-YIELD,0.03217080020484249
2026-04-22,BUND-10Y-YIELD,0.03225491336792394
2026-04-23,BUND-10Y-YIELD,0.03232526201846652
2026-04-24,BUND-10Y-YIELD,0.03255775275652957
2026-04-27,BUND-10Y-YIELD,0.0325807044058851
2026-04-28,BUND-10Y-YIELD,0.0323373527843048
2026-04-29,BUND-10Y-YIELD,0.03239637942214898
2026-04-30,BUND-10Y-YIELD,0.03254795253506544
2026-05-01,BUND-10Y-YIELD,0.03242469576279182
2026-05-04,BUND-10Y-YIELD,0.032387425948603325
2026-05-05,BUND-10Y-YIELD,0.032404697073906114
2026-05-06,BUND-10Y-YIELD,0.031872906979790165
2026-05-07,BUND-10Y-YIELD,0.03166690782729387
2026-05-08,BUND-10Y-YIELD,0.03165467501036397
2026-05-11,BUND-10Y-YIELD,0.03134122648614017
2026-05-12,BUND-10Y-YIELD,0.03152110744933557
2026-05-13,BUND-10Y-YIELD,0.0317147484223511
2026-05-14,BUND-10Y-YIELD,0.031077146017349573
2026-05-15,BUND-10Y-YIELD,0.03093281438569085
2026-05-18,BUND-10Y-YIELD,0.03109718462860365
2026-05-19,BUND-10Y-YIELD,0.031031492652326645
2026-05-20,BUND-10Y-YIELD,0.031217666714174627
2026-05-21,BUND-10Y-YIELD,0.03143547117227129
2026-05-22,BUND-10Y-YIELD,0.03100572113949559
2026-05-25,BUND-10Y-YIELD,0.031112266744822478
2026-05-26,BUND-10Y-YIELD,0.030872769854069573
2026-05-27,BUND-10Y-YIELD,0.030202793476171885
2026-05-28,BUND-10Y-YIELD,0.030386836553273247
2026-05-29,BUND-10Y-YIELD,0.030183385693786764
2026-06-01,BUND-10Y-YIELD,0.030176408361324916
2026-06-02,BUND-10Y-YIELD,0.03041435427056951
2026-06-03,BUND-10Y-YIELD,0.030748381671595063
2026-06-04,BUND-10Y-YIELD,0.030700535405869738
2026-06-05,BUND-10Y-YIELD,0.030452145467608317
2026-06-08,BUND-10Y-YIELD,0.030289456208806777
2026-06-09,BUND-10Y-YIELD,0.030648111025207495
2026-06-10,BUND-10Y-YIELD,0.030578456604968236
2026-06-11,BUND-10Y-YIELD,0.031149845000659204
2026-06-12,BUND-10Y-YIELD,0.03165364341850075
2026-06-15,BUND-10Y-YIELD,0.03148630622373659
2026-06-16,BUND-10Y-YIELD,0.03206784994855635
2026-06-17,BUND-10Y-YIELD,0.03192718234104681
2026-06-18,BUND-10Y-YIELD,0.03192565356830983
2026-06-19,BUND-10Y-YIELD,0.03194316009589052
2026-06-22,BUND-10Y-YIELD,0.03166425087105536
2026-06-23,BUND-10Y-YIELD,0.031728077298453845
2026-06-24,BUND-10Y-YIELD,0.03195131539085387
2026-06-25,BUND-10Y-YIELD,0.032680668566205245
2026-06-26,BUND-10Y-YIELD,0.0331244195799377
2026-06-29,BUND-10Y-YIELD,0.032990556797037565
2026-06-30,BUND-10Y-YIELD,0.03311845804490744
2026-07-01,BUND-10Y-YIELD,0.03349689169512253
2026-07-02,BUND-10Y-YIELD,0.03349379986300505
2026-07-03,BUND-10Y-YIELD,0.033279834596170926
2026-07-06,BUND-10Y-YIELD,0.0332752446816627
2026-07-07,BUND-10Y-YIELD,0.03296140752179037
2026-07-08,BUND-10Y-YIELD,0.03301171584351036
2026-07-09,BUND-10Y-YIELD,0.0328794159025283
2026-07-10,BUND-10Y-YIELD,0.03326000254234858
2026-07-13,BUND-10Y-YIELD,0.03321264912911456
2026-07-14,BUND-10Y-YIELD,0.032860671320871365
2026-07-15,BUND-10Y-YIELD,0.03309661960734863
2026-07-16,BUND-10Y-YIELD,0.033037377415183616
2026-07-17,BUND-10Y-YIELD,0.03277824290279125
2026-07-20,BUND-10Y-YIELD,0.03288216286006162
2026-07-21,BUND-10Y-YIELD,0.03265463798679046
2026-07-22,BUND-10Y-YIELD,0.03214315220769346
2026-07-23,BUND-10Y-YIELD,0.03179042400333209
2026-07-24,BUND-10Y-YIELD,0.03212482718706709
2026-07-27,BUND-10Y-YIELD,0.032566847990365314
2026-07-28,BUND-10Y-YIELD,0.03242986028151156
2026-07-29,BUND-10Y-YIELD,0.032531908671619564
2026-07-30,BUND-10Y-YIELD,0.03199476958364046
2026-07-31,BUND-10Y-YIELD,0.03224058523734544
2026-08-03,BUND-10Y-YIELD,0.032179988923976034
2026-08-04,BUND-10Y-YIELD,0.032339293900687835
2026-08-05,BUND-10Y-YIELD,0.03223357081828429
2026-08-06,BUND-10Y-YIELD,0.032204893101187376
2026-08-07,BUND-10Y-YIELD,0.031683600734003205
2026-08-10,BUND-10Y-YIELD,0.031790384833612406
2026-08-11,BUND-10Y-YIELD,0.03160276850054183
2026-08-12,BUND-10Y-YIELD,0.03166589085675811
2026-08-13,BUND-10Y-YIELD,0.03213574658303771
2026-08-14,BUND-10Y-YIELD,0.03135594723823286
2026-08-17,BUND-10Y-YIELD,0.03164020663930893
2026-08-18,BUND-10Y-YIELD,0.03172114733157648
2026-08-19,BUND-10Y-YIELD,0.031785104954324336
2026-08-20,BUND-10Y-YIELD,0.03201541623986116
2026-08-21,BUND-10Y-YIELD,0.031848675190898706
2026-08-24,BUND-10Y-YIELD,0.031242593181245264
2026-08-25,BUND-10Y-YIELD,0.031016468079693375
2026-08-26,BUND-10Y-YIELD,0.030859015160132116
2026-08-27,BUND-10Y-YIELD,0.030097684035201515
2026-08-28,BUND-10Y-YIELD,0.030205845409366293
2026-08-31,BUND-10Y-YIELD,0.03030233656042379
2026-09-01,BUND-10Y-YIELD,0.029888722827694236
2026-09-02,BUND-10Y-YIELD,0.029845783659087327
2026-09-03,BUND-10Y-YIELD,0.02980153533157316
2026-09-04,BUND-10Y-YIELD,0.029744988011992574
